-0.019,-0.038,0.04,0.028,-0.004,-0.004,0.054,-0.027,-0.017,-0.07,-0.048,-0.0,0.057,-0.03,0.071,-0.01,0.051,0.015,0.079,0.0,0.54,1.447,1.194,1.51,1.989,2.791,3.801,4.867,4.918,5.673,6.036,6.439,7.272,8.105,9.078,9.867,10.37,10.468,11.263,11.545,12.355,12.581,12.891,11.785,10.884,10.034,9.435,8.743,7.527,6.141,4.742,3.592,2.716,1.625,1.571,1.306,1.005,0.564,0.0,0.0,-0.011,-0.009,-0.008,0.029,-0.044,-0.079,-0.076,-0.062,0.02,-0.025,0.065,-0.052,-0.015,-0.047,0.043,-0.056,0.006,-0.015,0.019,-0.068,-0.052,0.005,-0.038,-0.068,0.057,-0.046,-0.074,0.061,-0.034,0.076,-0.032,0.057,0.048,-0.039,-0.021,0.04,0.038,-0.049,-0.007,-0.007,0.014,-0.009,0.039,0.02,-0.054,0.021,0.023,0.02,0.016,-0.029,0.036,-0.009,0.077,-0.046,-0.029,0.027,-0.077,-0.021,0.022,0.066,0.024,0.072,0.009,0.033,-0.063,-0.055,-0.069,0.023,-0.077,0.032,0.062,-0.064,-0.067,0.032,-0.035,-0.05,-0.008,-0.033,0.002,0.061,-0.041,0.019,0.051,-0.021,0.043,-0.019,-0.026,-0.045,0.02,-0.0,-0.03,-0.039,0.051,0.043,-0.005,0.023,0.031,-0.014,-0.008,-0.013,-0.015,0.041,0.016,0.048,0.014,0.011,-0.045,0.002,0.015,0.005,-0.059,-0.067,0.052,0.038,0.002,0.056,-0.027,-0.001,0.053,0.006,-0.049,-0.051,-0.009,0.001,-0.038,-0.068,-0.074,0.041,0.044,-0.031,-0.074,-0.06,0.015,-0.059,0.067,-0.006,-0.065,0.054,-0.002,-0.015,-0.065,-0.041,-0.049,0.05,-0.001,-0.005,0.043,-0.054,0.024,0.022,-0.058,-0.003,0.049,-0.065,0.026,-0.031,-0.013,-0.056,-0.065,-0.061,-0.034,-0.063,0.031,-0.019,0.064,0.03,-0.015,-0.026,-0.058,-0.077,-0.003,0.07,-0.026,-0.077,-0.016,0.0,0.001,0.072,0.076,0.028,0.038,0.054,0.06,0.032,0.006,0.073,-0.01,0.075,-0.035,-0.031,-0.025,0.079,0.061,0.019,-0.056,-0.06,-0.056,-0.055,-0.016,0.061,-0.007,-0.077,-0.044,0.015,0.048,0.068,-0.034,0.018,0.075,-0.064,0.062,0.028,-0.042,-0.046,0.07,-0.048,-0.046,-0.034,-0.053,-0.008,0.01,-0.05,-0.03,0.031,-0.058,0.02,0.02,0.071,-0.033,-0.028,0.055,-0.073,0.003,0.054,-0.025,0.059,0.08,0.024,0.014,-0.027,0.038,-0.042,0.034,-0.037,0.023,0.009,-0.043,-0.005,-0.078,0.01,0.008,-0.036,0.052,-0.005,0.04,0.071,-0.006,-0.005,0.029,0.015,-0.015,-0.022,-0.045,0.006,-0.022,-0.043,-0.042,-0.005,0.008,-0.061,-0.062,-0.06,0.047,0.035,-0.012,0.036,0.058,-0.063,-0.08,0.061,-0.068,-0.026,-0.004,-0.028,0.031,0.034,0.037,-0.003,-0.056,0.03,0.018,0.063,0.076,0.08,0.036,0.052,0.016,-0.052,0.045,-0.042,0.018,-0.077,-0.031,-0.012,0.011
0.063,0.021,-0.069,0.029,-0.04,-0.006,0.001,0.029,0.026,-0.05,0.033,0.005,0.007,0.067,-0.024,0.01,0.025,-0.005,-0.066,-0.025,0.068,0.041,0.067,0.041,-0.052,0.029,0.069,-0.002,0.0,-0.027,0.051,0.0,0.0,0.0,0.794,1.558,1.677,2.564,3.979,5.618,7.303,8.792,9.826,10.339,11.225,11.593,12.377,13.464,14.221,14.136,13.303,12.449,12.768,12.332,11.602,11.823,10.177,8.989,8.227,7.436,6.302,5.811,5.08,3.386,2.48,1.264,0.488,0.0,0.0,-0.073,0.073,0.049,-0.05,-0.053,0.047,-0.007,-0.078,-0.068,0.061,0.078,-0.031,0.074,0.053,-0.014,0.039,0.004,-0.069,-0.035,-0.025,-0.001,0.07,-0.048,0.026,0.045,0.024,-0.063,0.069,-0.033,-0.06,-0.075,0.057,-0.048,0.036,0.028,-0.054,0.073,0.001,0.008,0.041,-0.048,0.02,0.019,-0.063,0.035,-0.005,0.055,0.005,-0.009,-0.079,0.026,-0.075,0.074,-0.078,0.058,0.069,-0.054,0.036,-0.077,0.027,-0.064,0.059,0.007,0.027,-0.037,-0.015,0.008,0.077,0.003,-0.043,0.053,-0.02,-0.038,0.014,-0.016,-0.005,-0.035,-0.075,-0.032,0.031,-0.065,0.008,0.012,-0.042,-0.03,0.074,0.049,0.073,-0.01,-0.001,0.042,0.041,-0.047,-0.042,-0.048,-0.039,0.062,0.008,-0.037,0.04,0.013,0.036,-0.058,-0.026,-0.059,0.052,0.015,-0.003,-0.053,0.056,0.005,0.029,-0.071,0.043,0.023,-0.067,-0.079,-0.066,-0.043,0.017,-0.039,-0.058,-0.025,-0.025,-0.039,-0.006,0.012,-0.038,-0.018,0.04,0.009,0.053,0.072,0.009,-0.008,-0.028,0.049,-0.005,0.024,0.061,-0.064,0.046,0.054,-0.013,-0.055,-0.06,0.052,-0.077,-0.049,0.013,0.037,0.037,-0.017,-0.018,0.013,-0.006,0.006,-0.011,-0.031,-0.015,0.044,0.058,-0.042,0.035,0.007,-0.072,0.033,0.036,0.061,-0.029,0.041,0.057,0.036,-0.007,0.054,0.073,-0.009,0.06,-0.05,-0.025,-0.008,-0.018,-0.077,-0.043,0.006,0.043,-0.064,-0.055,0.066,0.021,0.011,0.067,0.019,0.062,-0.032,-0.038,0.025,-0.045,-0.008,0.077,0.062,-0.019,0.015,-0.072,0.078,-0.032,0.029,0.005,0.058,0.053,-0.079,-0.019,0.065,0.049,0.03,0.065,-0.012,0.05,0.003,0.042,-0.027,0.043,-0.038,-0.005,0.031,0.004,0.071,0.039,0.031,-0.016,0.071,0.079,-0.003,-0.027,0.071,0.044,0.073,0.011,-0.06,-0.065,0.017,0.024,-0.074,0.072,0.009,-0.024,0.02,0.063,0.022,0.036,0.069,-0.062,0.031,0.055,-0.019,-0.045,0.059,-0.027,-0.016,0.014,0.059,0.06,-0.029,0.021,-0.053,0.043,0.056,0.068,-0.053,-0.008,-0.069,-0.012,-0.049,0.077,0.028,0.054,0.076,-0.014,0.039,0.063,-0.016,-0.023,-0.021,-0.036,0.013,0.075,0.067,-0.036,0.051,0.051,0.044,0.016,-0.043,-0.029,0.01,-0.047
-0.066,0.034,0.06,-0.05,-0.072,0.05,-0.056,0.055,-0.064,-0.026,0.016,0.057,-0.076,0.012,-0.07,-0.049,-0.05,0.078,0.056,0.066,-0.057,0.008,0.05,-0.001,0.017,-0.041,-0.014,0.011,-0.026,-0.001,-0.035,-0.031,-0.003,0.053,-0.018,0.0,0.0,0.0,0.0,1.96,2.827,4.873,5.959,5.943,6.739,8.268,9.067,10.039,11.078,11.612,12.009,12.895,13.196,13.609,14.665,14.802,15.111,15.249,14.579,13.851,14.364,13.501,12.926,12.092,10.388,9.232,8.272,6.726,6.523,5.307,3.568,2.411,1.066,0.734,0.777,0.74,0.686,0.76,0.76,-0.071,0.012,0.071,-0.068,-0.042,-0.041,-0.009,-0.069,0.002,0.046,0.04,0.025,-0.021,0.007,-0.035,-0.04,-0.015,0.076,-0.065,0.027,0.037,0.039,0.029,-0.021,0.002,0.021,0.059,-0.008,0.052,0.06,0.034,-0.04,0.063,0.016,0.042,-0.034,-0.023,0.031,0.011,0.014,0.038,-0.05,-0.074,0.043,0.06,0.03,0.016,0.024,0.069,-0.064,0.048,-0.031,-0.05,-0.074,-0.023,0.031,-0.052,-0.009,0.068,-0.061,-0.068,-0.001,-0.035,0.009,0.077,-0.03,-0.079,0.048,0.065,-0.009,-0.044,-0.002,0.073,-0.014,0.054,-0.073,0.021,0.046,-0.047,-0.027,0.022,0.002,0.004,-0.037,-0.062,0.006,-0.009,-0.06,0.062,-0.016,-0.022,-0.064,0.021,0.022,0.066,0.02,-0.028,0.008,-0.002,-0.049,-0.042,-0.073,0.011,-0.029,-0.039,-0.027,0.038,-0.01,-0.076,0.002,-0.01,0.046,-0.013,0.002,0.028,-0.062,0.056,-0.021,-0.005,-0.018,0.017,-0.063,-0.007,0.034,0.066,-0.026,0.07,0.059,-0.025,0.075,0.073,-0.042,-0.037,0.06,0.071,0.031,0.07,-0.04,0.058,0.065,-0.011,-0.027,0.078,-0.059,-0.028,0.005,-0.005,0.015,-0.053,-0.036,0.054,-0.076,-0.019,-0.051,0.02,0.041,-0.074,0.052,0.065,0.051,0.068,0.05,0.052,0.064,0.001,0.073,0.059,-0.071,-0.036,-0.028,-0.033,0.074,-0.04,-0.05,-0.014,-0.025,0.05,-0.01,0.03,0.073,0.037,-0.007,0.013,-0.017,0.024,-0.036,-0.032,0.046,0.025,0.044,-0.025,0.048,-0.002,0.075,0.047,0.051,0.067,-0.027,0.027,-0.014,-0.044,0.057,0.061,0.033,0.069,0.031,-0.044,0.077,-0.056,0.008,-0.049,-0.005,-0.079,-0.037,0.072,-0.063,-0.037,0.071,0.055,0.047,-0.058,0.032,0.036,-0.075,0.054,0.016,-0.079,-0.057,-0.049,0.022,0.044,-0.072,-0.035,-0.034,-0.025,-0.022,-0.042,0.045,0.038,-0.027,-0.006,-0.002,-0.0,-0.063,-0.008,-0.056,-0.022,0.079,0.015,0.024,-0.01,-0.058,0.067,0.029,-0.022,-0.005,0.015,0.063,-0.047,0.047,-0.01,0.058,-0.058,0.002,0.024,0.021,-0.053,0.058,0.016,0.072,0.039,0.03,-0.075,-0.057,0.078,0.076,0.049,0.026,0.053,-0.07,0.01,-0.025,0.039,0.063,-0.075,0.061
-0.069,0.016,0.078,-0.045,0.047,-0.041,-0.074,-0.059,0.022,0.055,-0.057,0.056,0.017,0.018,0.031,-0.041,-0.014,-0.027,-0.033,0.034,0.078,-0.046,0.006,0.076,-0.055,0.074,-0.077,-0.056,0.063,-0.054,0.056,-0.004,-0.071,0.044,-0.067,-0.02,-0.065,0.019,0.036,-0.028,0.012,-0.036,-0.071,0.005,0.004,0.063,-0.064,-0.021,-0.025,0.003,0.0,0.0,0.0,0.0,1.238,2.18,3.411,4.187,4.711,5.565,8.013,9.83,10.836,11.25,11.72,12.752,13.353,13.666,14.696,15.26,15.642,15.448,16.033,15.471,16.535,17.05,17.042,16.139,15.235,13.932,13.219,12.765,12.116,10.283,9.019,6.524,5.322,3.326,2.837,1.895,1.67,0.0,0.0,0.0,0.0,-0.045,-0.026,-0.04,0.0,0.048,-0.035,-0.04,0.069,0.064,0.066,-0.039,0.063,-0.026,0.072,0.065,0.053,0.028,-0.046,-0.003,-0.009,-0.003,0.045,0.034,0.025,-0.043,0.048,-0.039,0.011,0.01,0.059,0.074,0.044,-0.04,0.027,-0.045,0.048,0.04,-0.006,-0.05,0.023,0.008,0.016,0.072,0.044,0.06,-0.072,0.004,-0.042,-0.017,0.006,-0.062,-0.02,-0.032,0.045,-0.066,-0.042,0.071,0.028,-0.042,-0.048,-0.033,-0.072,0.011,0.065,0.004,0.035,-0.072,0.073,0.048,-0.023,-0.051,-0.077,0.045,0.041,0.022,-0.011,0.047,-0.017,0.006,-0.016,0.071,0.028,0.069,0.034,-0.075,0.068,0.042,0.067,-0.078,0.046,-0.067,0.043,0.046,0.058,0.027,-0.001,-0.011,-0.078,0.032,0.034,-0.012,0.049,-0.042,-0.073,-0.048,-0.037,-0.044,-0.028,-0.04,0.016,0.056,0.039,0.058,-0.061,-0.05,-0.07,-0.053,-0.001,-0.049,-0.068,0.038,-0.023,-0.007,-0.063,-0.046,-0.001,0.068,0.026,0.074,0.009,-0.006,0.033,-0.073,0.019,-0.027,0.068,0.009,-0.033,-0.003,-0.055,0.058,-0.044,0.002,0.054,-0.08,0.024,0.042,0.075,-0.021,0.051,-0.012,0.007,-0.018,0.021,0.027,-0.072,-0.041,-0.042,-0.027,0.046,-0.031,0.079,0.058,-0.038,-0.06,0.061,-0.046,-0.007,0.064,0.033,-0.047,0.041,-0.07,-0.009,0.071,-0.031,0.001,0.029,-0.065,0.014,0.008,-0.059,0.055,-0.038,0.053,-0.042,-0.079,-0.019,0.054,-0.074,-0.078,0.06,0.006,0.071,0.044,-0.0,-0.029,-0.029,-0.054,0.028,0.007,-0.028,-0.025,-0.049,-0.035,0.075,0.022,0.061,-0.071,0.009,0.043,-0.045,0.01,0.064,0.016,-0.049,0.006,-0.048,-0.019,-0.013,-0.037,0.05,-0.062,-0.021,-0.062,0.068,0.074,-0.062,-0.034,0.067,-0.021,-0.077,0.079,0.039,-0.027,0.071,0.061,-0.039,-0.052,0.069,0.078,0.047,0.05,0.037,0.051,0.002,0.007,0.062,0.061,-0.043,0.048,-0.076,0.014,0.072,0.077,0.049,0.045,-0.06,-0.024,0.066,0.049,0.008,0.013,-0.0,0.022,-0.037,0.008,0.057,0.027,-0.005
-0.062,-0.037,-0.013,-0.06,0.067,-0.028,0.05,-0.037,0.08,-0.067,0.041,-0.016,-0.039,0.022,-0.019,0.055,-0.036,-0.0,-0.044,0.017,-0.006,0.023,-0.055,-0.048,-0.07,0.001,0.06,0.027,0.0,-0.07,0.008,-0.045,0.075,0.049,-0.055,0.068,0.037,-0.069,0.009,0.066,0.009,0.077,-0.047,0.02,0.064,0.02,0.065,-0.077,0.071,-0.005,0.033,-0.006,0.04,-0.08,0.002,0.011,-0.003,0.004,-0.06,-0.007,0.045,-0.064,-0.056,-0.079,-0.021,0.075,0.001,0.074,0.0,0.0,0.0,0.0,0.0,0.701,2.493,4.36,6.242,8.215,8.394,10.612,12.133,13.142,15.3,16.291,17.393,17.26,17.645,18.157,18.435,18.796,19.331,19.024,17.315,16.948,17.683,17.741,17.035,16.993,15.467,13.493,12.428,11.5,11.055,10.259,8.58,6.679,4.229,2.237,1.374,1.228,1.395,0.549,0.0,0.0,0.0,-0.069,0.037,-0.073,0.024,0.036,0.037,-0.062,-0.011,0.037,-0.037,-0.067,-0.016,-0.028,0.056,0.069,-0.051,-0.077,0.054,0.076,0.055,-0.03,0.063,-0.028,-0.049,-0.03,-0.057,-0.04,0.008,0.016,0.005,-0.06,-0.078,-0.079,0.017,0.068,0.038,0.067,0.033,-0.068,-0.071,-0.054,-0.073,-0.05,-0.035,0.079,0.029,0.056,-0.047,-0.077,-0.003,-0.037,0.028,-0.024,0.044,-0.057,0.028,0.074,0.021,0.029,-0.017,-0.068,0.079,0.02,0.018,0.001,0.054,-0.045,0.028,0.037,0.023,-0.01,-0.006,-0.064,0.067,-0.026,-0.056,-0.059,0.017,0.069,-0.043,-0.038,0.017,0.014,-0.059,-0.017,0.052,0.061,0.048,0.047,-0.077,-0.019,-0.001,0.006,-0.009,-0.051,-0.02,0.026,0.041,-0.008,-0.026,0.03,-0.022,-0.058,-0.045,-0.016,0.038,0.068,0.069,-0.002,-0.007,0.03,0.015,-0.08,-0.021,0.078,-0.06,-0.011,0.023,-0.007,-0.003,0.065,-0.075,-0.041,0.071,-0.073,-0.011,-0.064,0.051,0.043,-0.037,-0.011,0.063,-0.043,0.062,-0.009,-0.018,0.045,-0.041,-0.026,-0.008,0.01,0.035,0.077,0.018,-0.042,0.051,-0.059,-0.065,0.031,-0.073,0.04,0.07,-0.078,-0.045,0.059,-0.079,0.038,0.028,-0.075,-0.027,0.077,0.004,-0.057,-0.062,-0.039,0.075,0.025,0.003,0.019,0.002,-0.039,0.022,0.066,0.022,-0.049,-0.007,0.076,-0.001,-0.011,-0.08,0.017,0.025,-0.045,-0.059,0.01,-0.004,0.004,-0.004,0.019,0.075,-0.077,0.074,-0.056,-0.023,0.036,-0.035,-0.072,-0.04,-0.075,0.007,-0.077,-0.002,0.042,0.072,0.061,0.013,0.075,-0.074,0.065,0.057,-0.016,-0.009,-0.062,-0.049,0.028,-0.016,-0.045,-0.052,0.012,-0.044,-0.056,-0.002,-0.07,0.011,-0.066,0.019,0.047,-0.028,0.064,0.011,-0.079,0.062,-0.068,0.056,0.012,0.049,-0.025,-0.037,0.075,0.047,0.044,-0.013,0.012,-0.014,0.046,0.029,0.066,-0.05,-0.06,0.039
-0.051,0.068,-0.044,0.014,0.037,-0.011,0.065,-0.063,-0.016,0.029,-0.034,0.004,0.047,-0.044,0.063,-0.068,0.067,0.005,0.06,-0.045,0.075,-0.052,-0.016,0.076,0.075,-0.014,-0.03,-0.023,-0.046,-0.019,-0.074,0.028,0.057,-0.05,0.071,-0.079,0.079,-0.073,0.032,0.043,-0.03,0.007,-0.033,0.063,0.059,-0.021,0.058,-0.011,-0.04,0.034,0.01,0.064,-0.054,0.026,0.038,-0.033,-0.048,-0.079,0.008,0.022,-0.061,-0.06,0.005,0.008,0.052,0.004,-0.048,0.077,0.026,0.043,0.011,-0.026,-0.04,0.07,-0.062,0.014,-0.079,0.005,0.0,0.789,1.579,2.87,4.557,5.803,5.957,6.003,7.203,9.001,11.084,12.649,14.193,15.075,15.945,17.881,18.573,21.424,22.596,22.952,22.107,21.508,21.335,20.43,20.113,19.285,17.474,14.426,13.006,10.854,9.447,8.086,7.701,6.139,3.696,3.239,2.404,1.449,2.684,2.896,2.344,1.788,-0.071,0.068,-0.071,0.032,-0.067,0.065,0.007,0.038,-0.077,0.072,0.022,-0.022,0.073,-0.017,0.027,0.076,-0.007,-0.003,-0.039,0.041,-0.008,0.018,0.011,-0.062,-0.033,0.037,-0.056,0.009,0.065,0.039,0.005,0.01,0.016,-0.014,-0.0,-0.04,0.001,-0.076,-0.038,0.031,-0.074,-0.042,0.01,0.038,-0.036,0.028,0.08,0.016,0.015,-0.031,0.06,0.013,-0.069,-0.013,0.029,-0.007,0.018,0.041,-0.03,0.06,-0.006,0.079,0.075,-0.071,-0.026,-0.041,0.01,0.037,-0.058,-0.073,-0.038,-0.049,0.035,-0.052,-0.019,0.059,0.005,0.078,-0.017,-0.038,-0.036,-0.046,0.02,-0.077,0.021,0.072,-0.022,0.004,0.035,-0.027,0.057,0.005,0.018,-0.07,0.038,-0.078,0.08,-0.052,0.02,0.017,-0.012,0.006,0.072,0.057,0.0,0.043,-0.013,-0.071,-0.001,0.062,0.005,0.072,0.028,0.058,-0.001,-0.052,0.045,0.005,0.062,-0.056,0.008,-0.069,-0.024,0.038,0.061,0.048,0.064,-0.059,0.035,-0.051,0.076,-0.031,-0.016,0.078,0.035,0.08,0.061,0.071,0.025,0.007,-0.075,0.03,0.074,-0.006,-0.033,0.057,0.059,-0.045,0.011,-0.023,0.074,-0.022,0.061,-0.029,0.016,0.032,-0.062,-0.048,0.028,-0.058,-0.05,-0.025,-0.053,0.072,-0.034,0.064,-0.058,-0.024,0.01,0.075,-0.004,-0.05,0.054,-0.068,-0.058,-0.005,-0.02,0.061,-0.017,-0.039,-0.027,0.053,0.05,0.079,-0.055,0.002,0.024,-0.065,-0.032,0.015,-0.012,-0.055,0.02,0.053,-0.016,0.054,0.071,0.067,-0.056,-0.037,-0.055,0.058,-0.042,0.054,-0.021,0.037,0.026,0.015,0.024,0.072,-0.076,-0.03,-0.03,-0.074,0.058,-0.045,0.021,-0.015,-0.031,0.078,-0.056,0.004,-0.071,-0.018,-0.044,0.047,0.037,0.05,-0.05,0.029,0.072,0.009,0.08,-0.018,-0.002,0.038,-0.002,-0.039,0.024,-0.015,-0.037,-0.046,-0.01,-0.065,-0.016
-0.07,-0.019,-0.022,0.012,0.039,-0.072,0.07,0.07,0.005,0.068,0.032,-0.009,0.021,-0.06,0.024,0.043,0.034,-0.008,0.063,-0.042,-0.055,-0.073,0.068,-0.002,-0.02,-0.041,0.032,-0.023,-0.014,0.004,0.002,0.025,-0.068,-0.061,-0.056,0.058,-0.067,-0.063,-0.046,0.02,0.043,0.028,-0.014,0.007,0.066,-0.007,0.07,0.049,-0.016,0.055,-0.077,0.052,-0.019,-0.026,-0.079,-0.047,0.048,0.073,-0.035,-0.068,-0.054,-0.079,0.019,0.064,0.021,-0.045,0.013,0.029,-0.078,-0.024,-0.073,-0.053,0.012,0.005,-0.049,-0.04,-0.075,-0.012,-0.008,-0.005,-0.062,-0.03,0.057,1.675,1.989,1.458,0.552,2.732,5.292,6.657,10.083,11.685,13.918,15.483,18.251,21.44,24.566,25.786,25.873,26.856,25.54,25.606,23.324,21.953,19.663,16.035,13.367,9.218,6.63,5.154,4.256,1.284,0.883,0.0,0.0,0.04,0.032,0.077,0.059,-0.069,0.028,-0.027,-0.042,-0.07,0.031,0.032,-0.045,0.064,0.004,-0.06,-0.012,0.012,-0.067,-0.07,0.004,0.014,-0.0,0.064,0.074,0.031,0.058,0.01,-0.01,0.056,-0.05,-0.014,0.062,-0.049,0.054,0.038,0.062,0.001,0.018,-0.004,0.074,-0.056,0.067,-0.032,-0.055,0.056,-0.031,-0.043,0.062,-0.037,0.007,0.068,0.069,-0.049,0.014,0.005,-0.027,-0.034,-0.016,0.08,0.037,-0.051,-0.049,-0.029,0.002,0.016,-0.018,0.028,0.011,-0.073,0.038,-0.064,0.033,0.003,0.002,0.045,-0.058,0.078,0.034,0.067,-0.003,-0.039,0.029,0.04,0.078,-0.043,-0.02,-0.022,0.058,-0.053,0.067,-0.005,0.01,0.006,-0.034,0.054,-0.022,0.077,0.008,0.04,-0.035,-0.033,0.025,0.03,-0.061,0.069,-0.02,0.066,0.017,0.056,0.018,0.064,-0.02,-0.074,0.06,-0.037,0.021,0.012,-0.051,-0.037,0.011,0.01,0.058,-0.059,0.031,0.018,-0.018,-0.005,0.006,0.0,0.006,-0.019,0.005,0.026,0.005,-0.035,-0.067,-0.068,-0.05,-0.035,0.012,0.077,0.041,-0.013,-0.064,-0.046,0.079,0.038,-0.0,-0.055,0.076,0.049,-0.065,0.067,0.044,0.002,-0.065,-0.071,0.023,-0.014,-0.065,0.069,0.018,0.027,-0.047,0.024,-0.07,-0.037,-0.038,0.054,0.027,0.023,0.024,0.068,0.04,-0.034,-0.04,-0.012,0.023,0.074,0.045,0.057,0.015,-0.029,0.073,-0.036,0.036,-0.054,-0.006,0.055,0.049,-0.048,0.031,-0.028,0.069,0.005,-0.029,0.009,0.047,0.025,0.065,0.043,-0.051,0.077,0.067,-0.064,0.062,0.009,0.036,0.068,0.05,0.002,0.0,-0.024,-0.041,-0.033,-0.054,-0.058,-0.043,-0.029,0.031,0.072,-0.025,-0.012,0.021,0.065,0.045,-0.018,0.072,-0.032,-0.026,-0.028,-0.058,0.013,0.047,-0.062,0.038,0.001,0.048,0.029,-0.02,-0.037,-0.01,-0.004,0.072,0.035,-0.047,0.057,0.072,0.007,0.004
0.008,0.072,-0.053,0.037,-0.022,-0.013,0.076,-0.057,-0.034,-0.056,-0.048,-0.051,-0.073,0.067,-0.037,-0.038,-0.024,0.045,-0.003,-0.052,0.053,0.074,0.035,0.018,0.0,-0.01,-0.034,0.001,0.011,-0.06,-0.059,0.01,-0.071,-0.025,0.054,0.008,-0.07,-0.034,-0.062,-0.071,0.038,-0.014,0.075,-0.051,-0.012,0.012,0.022,-0.042,0.03,0.006,0.058,-0.06,0.042,-0.015,-0.021,0.056,-0.002,0.067,-0.051,0.054,-0.022,-0.036,-0.052,-0.049,-0.006,0.001,-0.035,0.002,-0.039,-0.013,0.01,-0.008,-0.003,-0.008,0.041,-0.047,-0.019,0.028,0.032,-0.074,-0.076,-0.074,0.048,-0.024,-0.04,-0.043,-0.03,-0.055,-0.077,0.018,-0.043,0.028,-0.043,-0.056,0.0,0.325,0.754,1.514,2.725,2.547,3.271,4.215,5.757,6.874,8.077,8.139,9.002,9.148,9.949,11.022,12.429,13.283,13.282,13.761,13.478,13.955,14.27,14.431,13.649,12.576,11.596,10.709,9.172,8.4,7.396,6.095,4.257,3.249,1.394,1.344,1.094,0.859,0.125,0.0,0.0,0.037,-0.028,-0.061,-0.021,-0.057,-0.049,0.073,-0.05,0.036,-0.048,-0.08,0.038,0.023,-0.02,0.066,0.079,0.036,-0.025,0.07,0.069,-0.06,0.063,0.009,0.019,-0.008,0.006,0.044,0.061,0.006,-0.051,0.021,0.059,0.015,0.002,-0.022,-0.077,0.06,0.057,0.045,-0.034,0.044,-0.029,0.042,-0.05,-0.066,0.037,0.048,-0.064,0.049,0.039,0.019,0.064,-0.049,0.029,-0.036,0.024,0.073,-0.009,-0.048,0.007,0.011,-0.029,0.035,0.061,-0.001,-0.018,-0.064,-0.013,0.034,0.017,0.034,0.004,0.074,0.029,-0.08,0.014,0.059,-0.008,-0.019,-0.076,0.009,0.028,0.011,0.025,-0.027,-0.044,0.007,-0.068,0.032,0.002,0.01,0.059,0.008,-0.02,0.01,-0.007,-0.08,-0.036,-0.011,-0.055,-0.059,0.056,-0.028,0.058,0.073,-0.018,-0.018,0.028,-0.037,0.009,0.031,0.008,0.04,0.025,0.042,0.045,-0.03,0.057,-0.065,-0.052,-0.067,-0.021,-0.071,0.042,-0.019,-0.035,-0.075,-0.049,0.054,-0.015,-0.037,-0.072,0.007,-0.025,0.037,-0.048,0.018,0.05,-0.046,0.045,-0.065,0.014,0.077,0.066,-0.003,-0.072,0.028,-0.031,-0.037,-0.046,-0.023,0.058,-0.068,-0.039,0.065,-0.019,-0.054,-0.062,0.078,-0.057,-0.059,0.005,-0.005,-0.052,-0.043,0.055,0.027,-0.062,0.073,0.066,0.021,0.07,0.024,0.062,-0.013,-0.035,-0.008,-0.048,-0.047,0.012,-0.026,-0.025,0.073,0.05,-0.021,0.036,0.036,0.026,-0.023,0.076,0.062,-0.024,0.015,0.002,-0.048,0.003,-0.063,-0.065,-0.07,-0.069,-0.075,-0.079,-0.069,-0.036,0.01,-0.006,-0.005,0.072,0.031,-0.022,0.02,0.018,-0.049,-0.017,0.051,0.038,-0.04,0.066,0.04,0.053,0.051,-0.033,0.029,-0.061,0.038,0.006,0.01,-0.0,0.034,-0.004
0.076,-0.031,-0.033,0.035,0.015,-0.067,-0.004,-0.046,-0.065,-0.056,-0.027,-0.079,0.027,-0.039,-0.036,-0.019,0.075,0.076,-0.072,0.004,-0.011,0.074,0.04,-0.002,-0.044,-0.0,0.063,-0.022,0.067,0.027,-0.021,-0.057,-0.055,-0.063,0.018,0.042,0.038,-0.022,0.004,-0.032,0.029,0.077,0.017,0.059,0.067,-0.053,-0.058,0.019,-0.018,-0.069,-0.06,0.057,0.012,0.078,0.028,-0.029,-0.018,0.05,-0.02,-0.062,-0.07,0.005,-0.003,0.038,-0.031,0.034,-0.006,0.023,0.039,0.035,0.045,-0.045,0.015,0.042,0.033,-0.048,0.074,-0.059,0.008,-0.054,0.02,-0.032,-0.038,-0.008,0.059,-0.018,0.015,-0.043,-0.051,-0.063,0.074,0.01,-0.02,0.066,0.079,-0.005,0.011,0.023,0.015,0.794,0.256,0.695,1.668,2.173,2.857,2.599,3.019,3.037,4.183,5.952,7.376,7.996,8.355,9.218,10.176,11.407,12.983,14.103,14.615,14.838,14.505,13.938,13.406,13.333,12.395,11.216,10.257,8.565,7.181,6.306,5.826,5.343,3.788,3.437,2.136,1.183,1.847,1.215,1.063,1.471,0.05,0.05,0.015,-0.044,0.079,0.035,-0.02,0.06,-0.053,-0.024,-0.042,0.075,-0.068,0.039,-0.071,-0.074,0.023,0.051,0.066,0.029,-0.07,-0.057,0.034,-0.072,-0.059,0.04,0.074,0.036,0.067,0.07,-0.042,-0.049,0.077,0.049,-0.042,0.044,0.027,0.067,0.073,-0.07,-0.002,0.006,-0.067,0.004,-0.06,-0.059,-0.062,0.017,0.015,0.054,-0.048,0.069,-0.048,-0.001,-0.042,0.074,-0.074,-0.017,0.077,0.058,-0.055,0.006,-0.011,0.051,0.008,-0.008,0.002,-0.025,-0.007,-0.073,-0.043,0.046,-0.05,0.04,-0.024,0.042,-0.041,0.024,0.066,0.067,0.046,0.067,0.011,0.07,-0.038,0.062,-0.057,0.052,-0.018,-0.038,0.031,0.027,0.037,0.079,-0.004,-0.032,-0.032,-0.034,0.016,0.037,0.072,0.029,-0.067,-0.067,-0.052,-0.021,0.066,-0.074,-0.023,-0.04,0.034,-0.076,-0.064,0.028,0.011,-0.007,-0.033,-0.016,0.063,-0.048,-0.035,-0.009,0.043,-0.035,-0.005,-0.058,-0.033,0.077,-0.001,0.018,0.038,0.066,-0.033,0.067,-0.021,-0.047,-0.051,-0.062,0.004,-0.026,-0.029,0.07,0.024,0.052,0.061,0.027,-0.022,-0.079,-0.066,-0.03,-0.041,0.071,0.022,-0.044,-0.007,0.006,0.005,0.031,-0.075,-0.01,0.02,-0.038,0.072,0.006,0.05,0.039,0.007,-0.035,0.02,-0.036,0.034,0.014,-0.046,-0.075,-0.043,0.0,0.01,0.059,0.025,0.025,0.004,-0.078,-0.065,-0.052,0.007,-0.074,-0.014,-0.014,-0.024,0.073,-0.074,0.001,0.068,-0.076,-0.047,-0.07,0.042,-0.046,-0.007,0.039,-0.054,-0.007,0.035,-0.077,0.001,-0.027,0.08,0.072,0.041,0.067,0.008,-0.051,0.014,-0.028,-0.025,0.08,-0.052,0.013,0.001,0.021,0.052,-0.072,-0.011,-0.037,0.065
0.075,0.033,0.044,-0.015,0.055,-0.079,0.05,0.059,-0.009,0.013,0.022,-0.052,-0.042,0.016,0.016,-0.021,-0.001,0.003,-0.052,0.061,-0.053,-0.054,-0.013,0.015,0.067,0.079,-0.027,-0.079,0.0,0.009,-0.023,-0.022,-0.011,-0.004,-0.055,0.027,-0.062,0.043,-0.075,-0.023,-0.005,0.023,0.034,-0.054,-0.03,-0.047,-0.079,-0.02,0.012,-0.077,0.025,-0.035,-0.051,-0.075,0.067,-0.013,0.057,-0.018,-0.052,0.021,0.072,0.028,0.006,-0.074,0.079,0.048,-0.014,-0.011,0.008,0.051,0.042,0.073,-0.038,0.044,-0.003,-0.012,0.047,0.029,-0.066,-0.058,-0.013,0.04,0.025,0.011,-0.01,-0.057,0.053,0.052,-0.042,-0.0,-0.059,-0.034,0.072,-0.002,0.069,0.061,-0.032,0.009,-0.047,0.518,0.33,0.56,2.036,2.462,2.851,2.545,2.17,2.564,4.072,5.313,6.853,7.66,8.349,8.846,9.864,11.66,13.426,15.27,16.085,16.561,15.909,16.921,16.912,17.089,17.887,17.261,15.941,15.347,13.882,14.269,14.581,13.727,13.317,12.037,10.738,10.425,10.458,9.959,9.183,7.543,6.425,5.182,3.896,2.467,2.372,1.984,0.227,0.0,0.0,0.0,0.0,0.054,0.017,-0.026,-0.028,0.002,0.067,-0.016,-0.012,0.061,0.035,-0.077,-0.005,-0.006,0.041,0.059,0.042,0.041,-0.02,0.06,0.019,-0.001,0.024,-0.035,0.04,0.066,-0.068,0.069,0.005,-0.07,-0.057,-0.02,-0.058,0.023,-0.08,0.006,-0.051,0.038,-0.017,-0.021,0.053,0.076,0.048,-0.031,0.0,0.074,0.061,0.042,0.011,0.047,-0.012,0.001,0.014,-0.006,-0.009,0.04,0.039,-0.076,-0.005,0.058,0.044,-0.026,-0.05,-0.043,0.021,0.047,-0.051,0.066,-0.051,0.052,-0.005,-0.068,-0.056,0.071,-0.003,-0.058,-0.05,-0.066,0.068,-0.013,0.017,0.055,-0.066,-0.003,-0.014,-0.054,0.065,-0.036,-0.063,0.011,-0.024,-0.004,-0.076,0.017,0.074,-0.041,-0.059,0.002,0.001,0.053,-0.042,0.071,-0.035,0.064,0.045,0.044,-0.059,-0.013,-0.022,0.001,0.029,-0.074,-0.048,-0.04,0.065,-0.052,0.001,-0.057,0.045,-0.007,-0.047,0.044,0.08,-0.024,0.043,0.015,-0.003,0.066,-0.027,-0.001,0.024,-0.013,0.047,-0.041,-0.01,-0.013,-0.07,-0.042,0.047,0.008,0.029,-0.069,0.035,0.01,-0.043,0.024,-0.07,-0.077,-0.016,-0.007,0.026,0.001,-0.008,-0.043,-0.02,-0.056,0.068,-0.03,0.066,-0.039,0.013,0.011,-0.039,-0.06,0.016,0.037,-0.017,-0.049,-0.075,0.048,0.062,0.017,-0.015,-0.008,-0.078,-0.025,-0.053,-0.019,0.03,-0.029,-0.005,0.034,0.064,-0.003,0.062,-0.026,-0.066,-0.039,0.031,-0.066,-0.043,0.036,-0.043,0.079,-0.016,-0.079,-0.057,0.021,0.005,0.035,-0.015,0.035,0.018,-0.044,0.033,-0.052,0.035,-0.06,0.019,-0.036,-0.051,0.04,0.079,0.075,-0.047
-0.016,-0.016,-0.072,0.079,-0.067,0.053,0.013,-0.014,0.059,-0.058,0.001,-0.02,0.075,0.07,-0.051,0.077,-0.036,-0.057,-0.019,0.056,0.039,-0.008,0.027,-0.015,-0.007,-0.015,0.058,0.04,-0.062,0.007,0.075,0.075,-0.026,0.055,0.076,-0.041,0.065,0.042,-0.035,0.03,0.075,-0.038,0.059,-0.029,-0.018,-0.042,0.057,-0.076,0.03,0.022,-0.028,0.029,0.076,0.004,-0.023,0.051,-0.014,0.069,0.051,0.076,-0.04,-0.038,-0.075,0.017,0.072,0.071,0.008,-0.002,0.065,-0.043,0.044,0.03,0.022,-0.036,-0.025,0.065,-0.019,0.048,-0.015,-0.063,0.079,0.029,0.053,-0.069,0.073,0.048,-0.03,-0.069,-0.067,0.044,0.006,0.029,-0.036,0.06,0.018,0.043,-0.05,0.038,-0.012,0.031,0.029,-0.017,0.033,0.032,0.068,0.073,0.02,-0.058,-0.052,0.074,-0.034,0.039,-0.001,-0.069,0.0,0.098,1.778,3.071,3.761,4.092,4.745,5.834,7.157,8.786,10.069,10.497,10.933,12.292,13.358,14.13,16.235,17.846,18.387,17.998,18.722,17.844,18.77,18.107,17.783,16.582,13.451,11.846,9.596,8.016,7.36,5.304,2.971,1.638,0.0,0.0,0.0,0.0,0.068,0.063,0.078,-0.01,0.024,-0.038,-0.042,0.055,0.031,-0.036,-0.018,0.028,0.054,0.018,-0.026,-0.014,-0.011,-0.0,0.061,-0.033,-0.064,0.028,0.064,-0.058,-0.033,0.069,-0.009,0.023,-0.02,-0.068,0.076,0.015,0.061,0.031,0.027,0.069,-0.05,0.062,0.024,0.06,0.068,-0.005,0.024,-0.022,-0.003,0.052,0.013,0.063,-0.041,-0.056,0.028,0.021,-0.004,-0.012,-0.012,-0.072,0.043,-0.028,-0.034,-0.051,-0.03,0.046,-0.033,-0.023,-0.038,0.074,-0.023,-0.064,-0.035,0.067,0.062,0.05,-0.004,0.041,0.068,0.069,0.034,0.047,0.057,-0.055,-0.035,0.052,-0.067,0.007,-0.042,0.067,-0.013,-0.072,-0.03,0.045,0.012,0.061,0.051,0.06,0.033,-0.045,-0.071,0.061,-0.012,0.017,0.074,-0.056,0.062,0.028,0.005,0.023,-0.024,-0.014,0.003,0.038,-0.022,0.013,0.077,-0.019,0.077,0.001,0.066,-0.055,0.018,0.043,0.047,-0.055,-0.036,-0.06,-0.036,0.013,0.017,0.011,-0.007,-0.044,0.026,-0.045,0.042,-0.002,-0.0,0.053,0.029,0.051,0.075,-0.046,-0.073,-0.054,-0.038,0.056,0.068,0.0,0.06,0.06,-0.028,-0.009,0.043,-0.039,-0.02,0.047,0.005,-0.06,-0.018,-0.056,0.01,-0.076,-0.02,0.042,0.074,0.068,0.026,0.055,0.079,0.068,0.002,0.012,0.003,0.019,0.006,0.055,-0.014,-0.073,0.063,0.014,0.022,-0.019,-0.004,0.053,0.035,0.009,0.022,-0.063,-0.01,0.029,0.032,0.056,0.002,-0.06,-0.051,-0.001,-0.022,0.034,0.004,0.061,-0.062,0.033,0.049,-0.063,0.048,0.035,-0.007,-0.0,-0.077,-0.024,-0.036,0.043,0.059,-0.035,0.016
-0.023,0.023,0.007,-0.071,-0.069,-0.02,0.002,-0.078,0.075,0.033,0.051,-0.035,0.024,-0.023,0.074,-0.052,-0.04,-0.041,0.01,0.078,0.003,-0.023,-0.067,-0.028,-0.027,-0.032,-0.074,-0.056,-0.036,0.067,0.076,0.025,-0.054,0.07,0.005,-0.069,-0.068,-0.003,-0.031,-0.072,-0.02,-0.06,0.069,-0.027,0.011,-0.018,-0.012,0.04,0.028,0.075,0.033,-0.033,0.079,0.029,-0.053,-0.06,0.018,0.053,-0.004,-0.035,0.035,0.069,0.001,-0.074,-0.031,-0.007,-0.059,0.02,0.023,-0.074,0.015,-0.023,-0.017,0.045,0.031,0.079,0.064,-0.027,-0.01,0.078,-0.07,-0.044,-0.018,-0.066,0.011,-0.066,-0.008,-0.034,0.038,-0.05,-0.061,0.044,-0.001,-0.077,-0.05,0.07,0.076,-0.034,0.079,0.078,-0.075,0.008,-0.035,0.048,0.003,-0.054,0.066,0.074,0.004,-0.055,-0.058,-0.011,0.052,-0.033,0.0,0.219,1.817,3.428,4.21,4.558,4.949,5.983,7.036,9.286,10.919,11.897,12.637,13.541,14.43,15.978,17.607,19.615,19.704,20.563,20.769,20.74,20.556,20.847,20.947,18.964,16.87,14.998,13.478,12.153,11.453,8.88,7.862,4.697,3.839,1.934,1.449,2.52,1.822,1.019,0.183,0.786,-0.068,-0.011,0.016,0.006,0.056,0.001,0.032,0.062,-0.065,-0.05,0.033,0.038,-0.049,-0.045,0.029,-0.049,-0.035,0.003,0.072,0.017,0.052,0.02,0.021,-0.041,0.003,-0.049,0.073,0.036,0.078,0.029,0.058,-0.066,0.011,0.043,0.02,0.059,0.053,-0.066,-0.074,-0.074,0.017,-0.063,0.053,-0.036,0.025,0.034,0.079,-0.075,0.017,-0.074,0.073,0.012,0.076,0.044,0.044,0.026,0.019,0.069,-0.071,-0.017,-0.003,0.002,-0.034,-0.049,-0.022,-0.012,0.046,-0.08,-0.067,0.002,0.023,-0.036,-0.012,-0.006,-0.009,0.059,0.014,-0.03,0.003,0.061,0.008,-0.037,-0.051,-0.052,-0.077,-0.023,0.027,0.049,-0.042,-0.008,0.011,0.039,-0.027,-0.026,0.006,0.073,-0.029,0.01,-0.015,0.051,-0.02,0.014,-0.017,-0.032,0.027,0.027,0.034,0.066,-0.03,-0.024,0.008,0.048,-0.012,-0.009,0.033,0.012,-0.049,-0.077,0.035,-0.044,-0.005,-0.032,-0.067,0.008,0.044,0.025,0.045,0.018,0.065,-0.075,0.026,0.052,0.028,-0.043,-0.056,0.006,0.023,-0.043,-0.022,0.004,0.019,-0.002,-0.054,-0.076,-0.072,-0.052,0.01,-0.066,-0.079,0.05,0.008,-0.046,-0.013,-0.029,-0.01,-0.055,0.034,-0.001,0.023,-0.062,-0.025,-0.008,-0.016,0.058,-0.022,0.009,-0.046,-0.014,-0.061,0.031,-0.046,0.023,0.021,-0.002,0.041,0.036,-0.08,0.028,-0.006,-0.069,-0.053,-0.027,0.064,-0.023,-0.055,-0.042,-0.057,-0.045,0.013,0.026,0.057,-0.065,-0.07,-0.064,-0.05,0.04,-0.017,-0.052,0.052,-0.038,0.051,0.026,0.03,-0.074,-0.072,-0.06,0.063,-0.061,0.046
0.078,0.009,0.026,-0.01,0.039,-0.044,0.009,-0.031,-0.046,0.019,0.056,-0.026,0.068,0.032,0.021,0.065,-0.012,-0.035,-0.055,0.022,-0.065,0.059,-0.073,-0.037,-0.008,0.078,-0.072,0.037,-0.068,0.001,0.041,0.055,-0.063,-0.061,-0.044,-0.012,0.018,-0.063,0.003,-0.079,-0.036,-0.011,-0.021,0.009,-0.066,-0.077,0.013,0.058,-0.064,-0.073,-0.055,-0.06,0.045,-0.071,-0.028,0.046,0.026,-0.027,-0.079,0.026,-0.075,-0.059,0.076,0.042,-0.012,0.032,0.015,-0.068,-0.063,0.061,0.054,-0.026,0.063,0.077,0.04,-0.044,-0.048,0.05,0.079,0.059,0.064,0.028,0.005,-0.004,0.008,0.054,0.028,-0.032,0.011,-0.044,-0.012,-0.015,0.034,-0.075,-0.035,0.066,0.074,0.054,0.072,0.003,0.074,-0.068,0.039,-0.02,-0.075,0.065,0.025,-0.076,-0.018,0.072,-0.014,0.005,-0.075,-0.013,0.019,0.026,0.021,0.026,0.04,0.033,0.57,0.662,1.982,3.044,3.495,4.311,6.002,7.02,7.819,10.979,13.736,16.808,18.55,19.921,20.391,21.891,23.915,25.369,25.321,23.214,21.209,18.325,16.544,13.985,11.181,8.58,5.385,2.924,0.291,0.0,0.0,0.0,-0.04,-0.051,0.078,0.005,-0.026,0.009,-0.027,-0.039,-0.025,-0.052,-0.065,-0.069,-0.067,-0.045,-0.004,0.039,0.057,0.014,0.067,0.023,0.06,-0.014,-0.038,-0.074,0.058,-0.006,0.068,-0.025,0.054,0.018,0.039,0.02,-0.069,-0.059,0.034,0.016,0.016,0.051,0.061,0.025,0.065,-0.049,0.071,-0.039,-0.055,-0.053,0.067,-0.031,0.041,0.063,-0.055,-0.062,0.057,0.044,0.047,-0.053,0.014,-0.043,0.034,-0.06,-0.008,-0.005,0.051,0.041,-0.014,0.011,-0.038,-0.031,-0.065,-0.014,0.032,-0.061,0.025,0.046,0.002,0.046,0.054,0.055,-0.044,-0.003,-0.054,-0.047,0.043,-0.076,0.021,0.06,0.033,0.001,-0.076,0.023,0.052,-0.03,0.033,-0.047,0.065,0.049,-0.026,-0.016,0.07,-0.048,0.018,0.011,-0.058,0.027,-0.0,0.02,-0.07,0.06,0.068,-0.02,-0.062,0.064,-0.054,0.055,0.005,0.071,0.013,-0.037,-0.072,-0.037,-0.005,0.079,-0.027,0.002,-0.047,0.072,-0.071,-0.052,-0.039,0.011,0.028,-0.04,-0.012,-0.021,-0.046,0.028,0.075,-0.029,0.055,0.033,0.029,-0.014,0.02,-0.032,-0.004,0.0,0.062,-0.001,-0.008,0.054,0.063,-0.079,0.003,0.043,0.052,-0.023,-0.045,0.053,0.032,0.062,0.045,0.039,-0.061,-0.03,-0.003,0.005,-0.065,0.032,-0.02,-0.08,-0.069,-0.05,-0.029,-0.015,0.053,-0.074,0.079,0.032,-0.058,-0.026,-0.026,-0.07,-0.077,0.051,-0.032,0.065,-0.079,0.017,0.073,-0.033,-0.029,0.012,-0.056,0.022,0.023,-0.05,0.061,0.027,0.032,-0.025,0.038,-0.02,0.051,-0.033,-0.079,0.062,-0.026,-0.035,-0.032,-0.047,-0.049,-0.024,0.029
-0.038,-0.058,0.007,-0.006,0.051,-0.053,-0.07,-0.03,-0.07,0.009,0.01,-0.045,-0.069,0.039,0.014,0.026,0.051,0.021,-0.011,0.058,0.072,0.037,0.063,-0.012,-0.06,-0.079,0.027,0.022,0.07,0.001,-0.059,0.074,0.003,-0.009,-0.057,0.047,-0.033,0.019,0.003,-0.073,0.031,0.036,0.003,-0.043,0.02,0.004,-0.01,-0.005,-0.057,0.068,0.002,0.049,0.054,-0.035,-0.034,-0.012,0.066,-0.028,0.026,0.045,-0.07,0.058,-0.03,0.01,0.054,0.025,-0.004,-0.006,-0.071,-0.065,-0.006,-0.01,0.076,0.077,0.009,0.055,-0.004,0.043,-0.064,0.006,-0.063,-0.061,0.006,0.027,-0.009,-0.045,0.022,0.017,-0.03,0.017,0.064,-0.077,-0.044,0.065,-0.012,-0.034,-0.002,0.071,0.039,-0.039,-0.051,-0.06,-0.003,0.079,-0.064,-0.0,0.048,0.005,-0.037,0.056,0.007,-0.059,0.034,-0.027,0.049,0.041,-0.034,-0.018,0.017,0.032,0.013,0.046,0.021,0.065,0.004,-0.031,-0.056,-0.062,0.067,0.0,0.0,1.267,1.41,2.243,2.731,4.594,8.525,10.888,12.906,13.589,15.342,16.395,17.038,19.598,21.045,21.358,21.971,22.028,22.151,21.805,23.675,23.827,23.293,22.432,20.782,20.523,18.684,18.168,17.374,15.178,12.966,10.214,7.441,5.876,4.351,2.974,2.326,0.0,0.0,0.0,0.0,-0.065,-0.014,0.049,-0.074,0.068,-0.018,-0.077,-0.064,0.005,-0.047,-0.04,0.049,-0.05,0.039,-0.044,-0.018,0.007,0.041,-0.005,0.075,0.047,-0.012,-0.079,0.07,0.036,0.007,-0.011,-0.059,0.041,-0.076,-0.063,-0.011,-0.019,-0.04,0.033,0.076,-0.021,-0.032,-0.077,-0.016,0.057,0.077,0.02,0.029,-0.063,0.014,0.009,0.048,-0.031,0.009,-0.027,0.044,0.029,0.001,-0.04,-0.03,-0.062,0.049,0.007,-0.037,-0.062,0.029,-0.036,-0.009,-0.056,-0.008,-0.012,-0.069,0.04,-0.022,0.002,0.073,-0.013,-0.07,0.041,0.015,0.032,-0.05,0.075,-0.079,0.063,-0.015,0.003,-0.037,-0.014,-0.005,-0.014,-0.048,0.052,0.006,-0.0,-0.005,-0.029,0.033,-0.072,0.061,-0.029,0.01,0.078,-0.003,0.072,-0.076,0.018,0.044,-0.026,0.046,-0.02,-0.07,0.036,0.006,0.012,0.038,-0.032,0.028,-0.016,-0.012,-0.002,-0.02,-0.005,0.055,0.007,0.042,0.065,-0.067,0.037,-0.068,0.057,-0.05,0.036,-0.049,-0.016,0.011,0.039,-0.02,0.076,-0.066,-0.029,-0.01,-0.055,-0.04,-0.053,0.003,0.029,-0.007,-0.08,-0.008,-0.059,0.01,-0.023,0.037,-0.044,-0.053,0.044,-0.07,-0.015,-0.069,-0.07,-0.076,0.076,0.038,0.045,0.071,0.063,-0.049,0.031,0.061,-0.003,0.04,-0.056,0.037,0.041,-0.036,-0.0,-0.057,0.057,0.016,-0.06,-0.021,-0.058,-0.058,-0.065,0.019,0.037,0.052,-0.068,0.075,-0.026,0.055,0.01,-0.01,-0.058,-0.028,0.012,-0.035
0.031,0.022,0.066,0.033,-0.051,-0.037,-0.07,-0.023,0.079,0.079,0.071,-0.015,-0.071,0.004,-0.056,0.062,-0.054,-0.053,-0.048,0.052,-0.064,-0.019,0.017,-0.053,0.034,-0.055,-0.012,-0.077,0.016,0.01,-0.001,-0.024,0.057,-0.074,-0.033,-0.073,-0.07,-0.073,0.056,-0.079,0.005,-0.007,-0.006,-0.008,-0.027,0.047,0.025,-0.043,-0.065,0.037,-0.015,-0.065,-0.038,0.055,-0.011,-0.054,0.049,-0.04,0.075,0.054,-0.058,-0.012,-0.049,0.051,0.038,0.058,0.002,0.018,0.043,0.059,0.072,0.077,-0.062,-0.034,-0.035,-0.058,0.061,-0.006,0.054,0.062,-0.079,0.005,0.031,0.062,0.066,0.045,0.034,-0.047,-0.064,-0.064,-0.073,-0.005,0.037,0.0,-0.031,-0.068,-0.058,0.066,-0.045,0.075,-0.015,-0.059,0.045,0.002,-0.035,-0.016,0.006,-0.072,0.035,-0.071,0.065,-0.015,0.049,0.072,0.009,0.025,0.077,0.012,-0.061,0.028,-0.04,-0.02,0.069,-0.045,0.033,0.001,0.069,0.022,0.053,-0.075,0.011,0.022,0.0,-0.036,0.053,0.41,0.743,1.81,3.09,3.652,3.683,4.084,5.157,6.517,7.288,8.137,8.767,9.29,9.682,10.089,11.107,11.675,12.037,11.872,11.463,10.415,9.829,9.485,8.916,8.098,6.958,5.333,4.402,3.219,2.441,1.601,1.183,0.408,0.0,0.0,0.0,0.017,-0.034,-0.006,0.08,0.038,-0.015,0.04,-0.08,0.059,0.046,0.048,-0.021,0.018,0.079,0.016,-0.011,0.045,0.061,-0.054,0.01,-0.07,-0.014,-0.007,-0.025,-0.068,-0.036,-0.036,-0.056,0.022,-0.011,-0.04,0.047,-0.077,0.077,-0.045,-0.041,-0.006,-0.073,-0.069,-0.049,-0.062,0.051,0.073,0.037,-0.043,0.029,0.021,0.033,0.077,-0.065,-0.024,-0.063,-0.068,-0.066,-0.066,-0.012,0.067,0.005,-0.043,0.007,0.043,-0.048,-0.068,-0.013,0.049,0.024,-0.069,0.055,-0.063,0.062,0.008,0.016,0.055,0.05,0.064,-0.063,0.064,0.044,-0.071,0.057,0.028,0.064,0.059,0.06,0.079,-0.001,-0.042,-0.048,0.048,-0.005,0.026,-0.032,-0.005,-0.019,-0.051,-0.046,-0.008,-0.071,-0.056,-0.026,0.053,-0.03,-0.042,-0.037,0.003,-0.073,0.067,-0.031,0.031,0.049,-0.004,-0.002,0.021,-0.008,0.074,-0.037,0.034,-0.036,0.078,-0.01,0.039,-0.074,-0.079,0.072,0.002,0.057,0.01,-0.015,0.047,0.044,-0.003,-0.063,0.008,-0.011,-0.048,0.016,0.043,-0.005,-0.013,0.035,-0.043,0.076,0.05,-0.039,0.072,-0.035,0.074,0.028,0.053,0.054,-0.036,0.002,0.006,0.023,0.055,0.032,-0.006,0.04,-0.054,-0.031,0.073,-0.01,0.043,-0.012,0.072,-0.005,0.066,0.031,0.035,0.02,-0.053,-0.026,-0.019,0.067,0.063,0.029,-0.049,-0.03,-0.021,-0.04,0.057,-0.012,0.019,0.056,0.033,-0.053,-0.068,0.07,0.006,0.078,0.059,-0.003,-0.013,0.039
-0.028,-0.06,-0.015,0.076,0.022,-0.069,0.01,0.049,-0.04,-0.072,-0.066,-0.049,-0.072,-0.037,0.014,0.053,-0.042,0.016,-0.076,0.05,-0.022,0.04,-0.029,0.041,-0.005,0.004,0.059,-0.061,0.036,-0.053,-0.056,0.078,-0.043,0.061,-0.022,0.023,0.021,0.077,0.052,0.079,0.027,0.051,-0.043,-0.011,-0.059,-0.017,0.025,-0.037,0.021,0.06,0.031,0.05,-0.036,-0.015,0.08,-0.051,0.034,-0.042,-0.03,-0.072,-0.027,0.017,-0.065,-0.023,-0.032,-0.052,-0.053,0.013,0.076,0.006,-0.036,-0.021,-0.005,0.031,-0.045,0.042,0.04,0.007,0.017,0.065,0.073,-0.032,-0.044,-0.044,0.042,-0.013,-0.008,0.073,-0.052,-0.065,-0.027,0.04,0.059,0.049,-0.072,-0.062,-0.0,-0.018,0.041,0.014,0.061,-0.052,-0.065,-0.063,0.056,0.048,-0.016,-0.061,0.053,-0.001,-0.054,0.03,0.023,-0.035,0.053,-0.008,0.075,-0.076,-0.025,0.056,-0.038,0.005,-0.064,-0.024,-0.023,-0.001,0.051,0.071,-0.078,0.022,0.051,-0.003,-0.016,-0.072,0.019,0.046,0.036,-0.068,0.007,1.006,1.1,0.0,0.963,0.952,2.021,2.664,3.597,4.146,4.798,6.006,7.901,10.037,11.62,12.479,13.489,13.741,15.463,16.279,17.219,17.539,17.09,16.602,15.585,14.761,14.137,13.831,12.982,11.272,9.884,8.321,8.008,7.142,7.112,5.874,4.96,3.872,2.666,2.121,2.037,1.204,0.861,0.0,0.042,0.008,0.037,0.05,0.069,0.059,0.03,-0.009,-0.08,-0.017,-0.074,-0.073,-0.078,-0.064,0.017,0.01,0.035,0.001,0.039,0.017,-0.026,0.024,-0.041,0.006,-0.012,-0.033,-0.032,-0.079,-0.037,-0.023,-0.01,-0.04,0.006,-0.011,-0.012,0.044,0.056,0.037,-0.062,-0.0,-0.031,-0.037,0.046,0.019,0.032,0.021,-0.057,-0.07,-0.036,0.026,0.025,0.076,-0.041,0.051,0.021,0.011,-0.046,-0.078,0.059,-0.004,0.044,0.064,0.074,-0.066,0.07,-0.027,-0.015,-0.072,-0.076,-0.068,-0.064,-0.029,-0.026,-0.012,0.052,-0.025,-0.027,-0.069,-0.026,-0.017,0.025,-0.017,-0.043,0.05,-0.009,0.022,-0.046,-0.037,0.045,-0.054,0.069,-0.075,0.027,-0.001,-0.05,0.064,0.074,-0.008,0.053,-0.012,0.034,0.028,-0.051,-0.067,-0.052,0.072,0.008,0.029,0.057,0.034,0.028,-0.024,0.03,0.074,-0.013,0.063,0.015,-0.068,0.033,0.027,-0.026,-0.004,-0.02,0.051,0.053,-0.001,-0.013,-0.014,0.004,-0.025,0.046,0.044,0.018,0.048,-0.014,-0.009,0.049,0.056,-0.016,0.028,-0.069,-0.054,0.061,-0.071,-0.042,0.047,-0.013,0.051,0.025,0.007,0.027,-0.065,0.053,-0.008,0.06,-0.043,-0.066,-0.039,0.034,-0.002,0.072,0.008,-0.005,-0.074,0.042,-0.027,-0.011,0.025,-0.073,0.037,0.056,-0.038,0.056,-0.065,0.06,0.015,0.071,-0.079,0.072,0.021,-0.015,-0.06,0.061
0.075,-0.008,0.055,0.056,0.014,0.025,0.039,-0.003,0.045,0.042,0.071,-0.018,0.044,-0.073,-0.036,-0.034,-0.05,-0.042,0.008,0.038,-0.063,-0.033,-0.056,-0.065,-0.033,-0.058,0.03,-0.044,0.001,-0.06,0.013,-0.014,-0.058,-0.039,-0.073,0.022,0.023,0.075,0.075,-0.024,0.02,-0.009,0.007,-0.062,0.042,0.041,-0.025,0.031,-0.048,-0.072,0.002,-0.0,0.02,0.063,0.055,-0.038,-0.063,-0.033,0.006,-0.05,0.038,0.027,0.053,0.012,-0.022,-0.042,-0.074,-0.007,0.052,-0.011,0.031,0.05,-0.054,0.07,-0.013,-0.059,0.029,0.047,-0.077,0.056,0.004,-0.021,-0.065,-0.055,0.064,-0.048,0.071,0.007,0.005,0.07,0.018,-0.036,0.043,-0.043,0.027,-0.019,0.018,0.054,-0.049,0.017,-0.023,0.071,-0.005,-0.041,-0.026,-0.024,0.057,-0.016,0.063,-0.034,-0.038,0.033,-0.034,0.038,0.064,-0.047,0.01,-0.001,-0.079,0.026,-0.005,-0.079,-0.066,-0.001,0.059,0.057,-0.06,0.013,-0.041,-0.016,-0.065,0.07,-0.033,-0.058,0.054,0.051,0.072,0.049,-0.042,-0.005,0.059,-0.067,0.032,-0.064,-0.053,0.032,0.044,-0.009,0.068,-0.026,-0.027,0.0,0.679,0.866,0.639,0.852,2.076,2.466,3.841,4.27,4.825,4.403,5.184,5.618,6.943,7.186,8.188,8.542,9.802,9.674,11.868,12.661,14.172,15.546,16.376,16.324,17.269,17.461,18.451,19.074,18.972,18.261,17.11,16.925,16.153,17.352,16.81,16.837,16.16,16.046,16.691,17.27,18.272,18.398,18.28,17.557,16.54,16.8,16.443,16.674,16.561,15.612,14.741,13.977,13.177,13.467,13.911,13.875,14.047,13.898,12.931,13.73,14.001,13.964,14.386,14.045,12.36,11.886,11.433,11.116,10.854,10.724,9.338,9.166,7.577,8.486,8.393,8.895,9.408,9.035,8.674,7.572,8.124,8.025,8.713,8.132,7.403,6.533,5.417,4.819,4.586,4.49,4.453,3.597,3.151,2.019,2.778,3.478,4.377,4.536,3.764,3.214,3.319,3.093,2.995,3.304,2.588,1.573,0.43,0.227,0.172,0.24,0.099,0.0,0.0,0.0,0.0,0.176,0.919,1.841,1.603,1.016,0.814,0.0,0.022,-0.064,-0.035,0.076,0.033,0.056,0.075,0.02,-0.032,-0.024,0.05,0.072,-0.058,0.076,-0.026,0.04,-0.037,0.038,-0.04,0.044,-0.013,0.009,-0.041,-0.06,0.074,-0.059,-0.026,-0.014,0.074,-0.009,-0.048,0.019,0.014,0.072,-0.027,0.053,0.073,0.053,0.076,-0.024,-0.009,0.024,0.07,0.012,-0.011,0.024,0.018,-0.005,-0.029,-0.074,-0.018,0.049,-0.061,0.037,0.039,-0.024,-0.029,0.068,0.007,0.042,0.015,0.043,-0.018,0.024,0.004,0.001,0.007,-0.04,0.024,0.05,-0.018,0.008,0.017,-0.072,-0.054,0.067,-0.07,-0.078,0.078,-0.05,0.073,-0.031,-0.064,-0.024,0.022,0.055,0.049,-0.035,-0.004,-0.0,-0.01
0.028,-0.019,0.052,-0.034,-0.042,-0.05,-0.035,0.003,0.052,-0.007,0.012,0.035,-0.025,0.031,0.029,0.042,-0.065,0.02,0.072,-0.003,0.047,0.004,0.049,0.055,-0.011,-0.04,0.011,0.061,0.077,0.062,0.008,-0.002,0.057,0.058,-0.061,-0.004,-0.074,0.061,0.06,-0.053,-0.006,-0.037,-0.053,0.024,0.007,-0.022,0.048,-0.017,0.017,0.069,0.03,0.031,0.015,0.005,0.008,0.056,0.045,0.061,-0.03,-0.015,0.039,0.005,-0.054,-0.053,0.076,-0.062,0.001,-0.067,0.008,0.014,-0.004,0.019,-0.038,-0.031,0.024,0.025,0.003,-0.04,-0.071,-0.052,0.003,-0.005,-0.037,0.055,-0.022,-0.014,-0.015,-0.074,-0.073,-0.004,-0.012,0.006,-0.041,-0.028,0.041,-0.039,0.004,-0.009,0.076,0.036,0.043,0.003,0.062,-0.059,-0.062,-0.049,-0.058,0.022,0.036,0.008,-0.041,-0.062,0.06,0.074,0.07,-0.041,-0.046,-0.032,0.025,-0.018,0.008,-0.004,-0.01,0.073,-0.013,-0.026,-0.016,-0.066,-0.024,0.042,-0.005,0.021,0.052,0.019,0.03,-0.028,0.021,-0.052,-0.018,0.009,-0.073,0.071,0.048,0.024,0.056,-0.034,-0.01,0.014,0.069,0.01,0.057,-0.069,0.043,0.069,0.068,0.059,0.056,0.024,-0.033,-0.057,0.838,0.642,0.155,0.0,0.613,2.629,2.876,4.566,5.171,6.341,7.684,10.312,12.416,14.476,14.93,16.295,17.408,18.372,19.676,20.014,20.181,18.952,18.064,18.231,17.681,18.231,18.069,16.581,16.107,14.654,14.544,14.367,14.942,14.689,13.897,12.45,10.273,9.265,8.503,7.922,7.635,5.098,4.01,2.044,1.56,0.78,1.821,0.891,0.457,0.0,0.328,0.0,0.564,-0.064,-0.075,0.051,-0.004,-0.016,-0.039,0.011,-0.06,0.016,0.038,-0.04,0.011,-0.04,0.07,-0.062,0.062,-0.037,0.059,0.077,-0.061,0.059,0.064,0.071,0.077,-0.078,0.012,0.057,-0.027,0.016,-0.014,-0.041,-0.073,0.067,-0.007,0.047,-0.056,0.01,0.042,-0.003,0.011,-0.008,-0.056,-0.015,-0.027,0.052,-0.024,-0.052,0.063,0.026,-0.019,0.025,0.03,-0.071,-0.039,-0.068,-0.038,0.036,0.057,0.07,-0.05,0.067,-0.068,0.022,-0.059,-0.056,-0.013,0.077,-0.043,-0.074,-0.049,-0.074,-0.001,-0.046,-0.063,-0.017,0.049,-0.016,-0.04,-0.02,0.053,0.006,-0.044,-0.047,0.044,0.078,0.015,-0.007,0.031,-0.008,0.043,-0.046,0.033,-0.038,0.04,-0.06,-0.014,-0.06,-0.073,0.059,-0.014,-0.033,-0.023,0.039,0.011,0.016,-0.032,0.068,0.014,-0.015,-0.032,0.051,0.026,0.047,0.068,0.063,-0.06,-0.024,0.039,0.056,-0.006,-0.012,0.027,0.028,0.07,-0.006,0.074,-0.066,-0.02,-0.048,-0.072,-0.073,0.066,0.016,0.068,-0.054,0.003,0.048,0.045,0.025,-0.064,-0.024,-0.044,-0.05,0.067,-0.069,0.039,0.05,-0.004,0.044,0.049,0.06,0.006
0.073,-0.039,-0.053,0.037,-0.016,0.015,-0.052,-0.027,0.015,-0.005,-0.023,0.043,-0.04,-0.033,-0.022,-0.044,0.033,-0.041,0.031,-0.004,-0.017,-0.013,0.053,-0.017,0.06,-0.002,0.026,-0.073,-0.024,0.032,0.071,-0.037,-0.039,0.013,-0.06,-0.036,-0.023,0.022,0.028,-0.068,-0.021,0.052,0.032,-0.067,-0.03,-0.006,0.052,-0.027,0.051,0.019,0.066,-0.073,0.016,0.017,0.031,-0.035,0.043,-0.048,-0.016,-0.016,0.016,0.038,0.072,0.061,-0.01,0.02,0.069,-0.018,0.039,0.047,-0.006,0.075,0.056,-0.018,0.07,0.052,-0.061,-0.062,-0.003,-0.058,0.015,0.036,-0.037,0.017,0.025,-0.019,-0.007,0.05,-0.049,0.031,-0.035,-0.043,0.07,0.076,-0.02,0.058,-0.032,-0.062,-0.027,0.056,-0.064,-0.077,-0.005,-0.034,-0.065,-0.062,-0.017,-0.027,0.061,-0.028,0.038,0.068,0.068,0.05,-0.079,-0.045,-0.072,0.079,-0.022,0.028,0.015,-0.008,0.036,-0.02,-0.043,-0.065,-0.054,0.036,-0.012,-0.043,0.016,0.008,0.055,-0.071,-0.017,-0.028,0.035,0.068,0.06,-0.066,-0.017,-0.034,-0.015,0.024,-0.067,0.028,-0.001,0.001,0.01,-0.028,-0.001,-0.034,-0.0,-0.044,0.072,-0.022,0.071,-0.062,-0.059,0.075,-0.053,0.003,-0.007,-0.049,-0.056,0.0,0.0,0.0,0.0,0.813,1.629,4.936,7.293,8.194,9.471,10.784,13.021,14.772,16.328,17.604,18.222,18.949,18.415,18.101,19.361,19.244,19.716,19.857,18.583,17.88,17.571,17.679,18.69,18.547,16.654,15.952,13.977,13.084,11.128,10.657,9.633,7.481,6.1,3.541,2.124,1.813,2.341,1.698,1.381,0.0,0.0,0.0,1.125,0.009,-0.013,0.028,0.07,0.061,0.057,-0.062,0.02,0.042,0.028,0.027,0.021,-0.015,0.06,0.001,-0.027,-0.018,-0.012,0.064,-0.005,-0.024,-0.016,0.058,0.031,0.004,0.055,-0.059,-0.032,0.026,-0.071,-0.021,-0.025,-0.062,0.054,0.025,0.066,-0.023,-0.005,-0.064,-0.029,0.036,0.065,-0.055,0.045,0.023,0.079,-0.052,-0.002,-0.036,-0.054,-0.015,-0.017,0.018,-0.02,-0.0,-0.079,-0.006,-0.076,0.065,0.01,-0.048,0.04,-0.062,0.079,0.062,-0.069,0.061,0.05,-0.016,0.054,-0.01,0.034,-0.048,-0.079,0.034,0.023,-0.062,-0.058,0.031,-0.036,-0.012,0.004,-0.007,0.042,0.031,-0.031,-0.045,0.0,0.041,-0.075,0.057,-0.023,-0.028,-0.007,-0.018,-0.002,0.01,0.012,-0.059,0.041,0.016,0.039,0.079,0.05,-0.035,0.069,-0.066,-0.017,0.015,-0.05,-0.045,0.052,0.078,0.033,0.067,0.058,0.049,0.028,-0.05,-0.074,-0.049,-0.073,0.079,0.076,0.006,0.03,0.019,-0.044,-0.055,-0.053,0.01,0.024,-0.004,-0.069,0.055,-0.021,0.053,-0.042,0.027,0.005,-0.068,-0.074,0.051,0.064,0.033,0.062,-0.02,0.012,-0.079,0.019,0.008,-0.078
0.031,0.01,-0.062,0.061,-0.023,0.069,-0.077,-0.019,0.039,0.017,-0.066,-0.029,0.034,0.077,0.027,-0.04,-0.07,0.044,0.067,-0.013,-0.076,0.049,-0.058,0.006,0.013,0.015,-0.062,-0.073,0.039,-0.036,0.038,0.052,0.079,-0.057,0.062,0.073,-0.068,-0.034,-0.029,-0.057,-0.074,0.076,-0.026,0.075,-0.075,-0.038,-0.037,-0.071,-0.002,-0.003,-0.06,0.08,0.06,0.046,-0.064,0.002,0.057,0.027,-0.01,0.065,0.023,-0.077,-0.022,-0.037,0.06,-0.056,-0.055,-0.067,0.048,-0.022,0.028,0.068,0.0,0.058,0.053,0.055,-0.077,0.04,-0.052,0.066,0.064,0.013,0.015,-0.024,-0.029,0.002,-0.037,0.039,-0.039,0.017,-0.063,-0.037,0.055,-0.003,-0.072,0.061,0.075,-0.08,-0.032,0.015,0.014,0.073,0.04,-0.034,-0.027,-0.062,0.053,0.062,0.016,-0.043,-0.068,0.033,-0.016,-0.067,-0.015,0.009,0.071,0.035,-0.004,0.048,0.041,0.012,-0.05,-0.023,-0.059,0.061,-0.015,-0.066,0.067,0.026,-0.066,-0.024,0.006,0.056,-0.049,-0.032,0.067,0.029,0.072,-0.051,0.063,-0.011,-0.066,0.017,-0.017,0.026,-0.015,0.037,-0.001,0.067,0.017,-0.012,0.073,0.031,0.029,-0.005,0.007,0.02,-0.048,-0.01,-0.044,0.025,0.006,-0.06,0.033,-0.055,-0.078,0.078,0.055,0.07,-0.013,-0.046,0.064,0.076,0.045,0.827,0.208,1.588,2.2,2.956,3.7,4.711,4.792,5.55,7.87,9.478,11.569,12.649,13.63,15.549,16.786,17.947,20.492,22.139,22.299,22.017,20.711,20.698,20.043,20.296,20.004,18.151,16.426,15.258,14.535,14.462,14.026,13.802,12.791,10.904,10.443,10.007,9.594,9.687,8.286,6.983,5.29,4.468,3.297,2.009,1.778,1.558,0.367,0.0,0.0,0.0,0.0,0.015,-0.076,0.07,0.042,-0.02,0.06,-0.018,-0.024,-0.064,-0.042,0.007,0.066,-0.054,-0.058,-0.042,-0.006,0.065,0.039,0.047,0.018,-0.018,0.002,-0.066,-0.034,0.075,0.011,0.058,-0.078,-0.048,-0.032,0.029,-0.076,-0.058,0.016,-0.063,-0.057,0.004,0.004,0.006,0.035,-0.009,-0.064,0.065,-0.053,0.051,-0.023,0.068,0.047,-0.052,0.053,0.064,0.073,0.006,-0.077,-0.043,0.036,-0.037,0.002,-0.066,0.026,-0.025,-0.074,-0.078,0.079,0.036,0.026,0.049,-0.048,-0.072,-0.036,0.072,-0.036,0.064,-0.022,0.044,-0.011,-0.025,-0.08,-0.027,0.071,0.039,0.048,-0.015,0.067,0.08,0.038,0.077,0.014,0.076,-0.042,0.065,-0.068,-0.026,0.004,-0.027,0.013,0.032,-0.08,0.024,-0.05,0.062,0.028,-0.064,-0.029,-0.073,0.064,-0.065,0.014,-0.061,-0.015,-0.078,-0.032,0.011,0.001,0.067,0.043,-0.076,0.043,-0.07,-0.047,-0.036,0.061,0.061,-0.063,0.071,-0.047,-0.065,-0.062,-0.008,-0.005,0.078,0.021,0.03,-0.019,0.069,-0.02,0.057,0.006
0.049,-0.004,-0.005,0.029,-0.003,0.07,-0.076,0.067,-0.038,-0.062,-0.03,0.026,0.04,-0.033,-0.061,0.019,0.023,-0.065,-0.02,0.043,-0.037,-0.057,-0.075,-0.036,-0.077,-0.039,-0.028,-0.064,-0.038,-0.062,-0.076,0.079,-0.007,0.054,0.033,-0.071,0.012,-0.04,0.069,-0.009,0.046,0.003,0.035,-0.003,0.033,0.076,-0.047,-0.021,-0.04,0.03,0.055,-0.041,0.039,0.009,0.013,-0.028,0.061,-0.08,0.053,-0.066,0.063,-0.035,0.053,0.068,0.053,-0.037,0.04,0.037,-0.008,0.05,0.0,-0.017,-0.076,0.019,0.024,-0.077,-0.006,0.026,0.072,-0.021,-0.062,0.029,-0.035,-0.044,-0.022,-0.03,0.055,0.049,-0.014,-0.001,-0.059,-0.03,-0.064,0.066,0.027,0.024,0.006,0.054,0.07,-0.069,0.047,0.016,0.029,0.013,0.049,-0.066,0.067,-0.026,0.074,-0.068,-0.024,-0.006,-0.004,0.023,-0.059,0.076,0.077,0.073,-0.033,-0.037,0.045,0.042,0.07,0.003,-0.009,-0.051,0.068,-0.064,-0.069,-0.065,-0.071,0.056,-0.03,-0.047,0.061,0.054,-0.003,-0.031,0.065,-0.004,-0.036,-0.072,-0.007,0.022,0.02,0.053,-0.017,-0.006,-0.027,0.069,0.064,0.002,0.052,0.065,-0.034,0.034,0.05,0.073,0.043,0.059,-0.022,-0.02,-0.032,-0.005,0.002,-0.074,0.018,-0.033,-0.075,-0.002,0.042,0.034,-0.032,-0.071,0.022,-0.053,-0.004,-0.078,0.073,-0.052,-0.073,0.0,0.0,0.0,0.0,0.277,1.643,2.173,2.069,3.234,4.323,6.042,7.717,9.31,10.412,10.917,12.339,12.264,13.789,14.849,16.589,16.72,17.158,16.491,17.683,19.641,20.004,21.942,23.064,22.865,23.096,22.894,24.038,24.838,25.632,25.02,23.588,22.941,22.745,22.481,22.722,21.888,20.045,18.397,17.618,17.093,18.598,18.597,18.469,17.609,17.264,16.879,15.772,16.26,16.171,15.481,14.078,12.189,10.724,9.257,9.522,8.6,7.846,6.003,5.165,4.919,4.886,5.265,5.974,4.724,5.084,2.939,3.696,2.783,2.859,2.944,2.1,0.504,0.0,0.0,0.0,0.0,0.0,-0.079,-0.072,-0.061,-0.012,-0.065,-0.006,-0.023,0.041,0.061,-0.06,0.072,-0.012,-0.018,-0.069,-0.004,0.072,-0.012,-0.031,0.062,-0.001,-0.005,0.064,0.059,-0.044,0.0,0.007,-0.032,0.033,-0.075,0.065,0.057,-0.065,-0.034,-0.074,-0.007,-0.023,-0.019,0.044,0.032,0.076,-0.065,0.017,0.032,0.027,0.057,0.052,-0.017,-0.049,-0.052,0.078,0.038,-0.075,-0.063,0.013,-0.025,0.05,0.029,0.056,0.014,-0.008,0.071,-0.007,0.055,0.018,-0.043,0.029,-0.079,0.07,-0.045,-0.079,0.043,-0.024,-0.031,-0.042,0.013,0.007,-0.068,0.067,-0.054,-0.016,0.047,-0.039,0.059,0.058,-0.017,0.01,-0.033,-0.076,-0.0,-0.005,-0.014,-0.028,-0.059,-0.016,0.025,-0.058,-0.069,0.07,-0.026,-0.003,0.076,0.01
-0.059,-0.035,-0.004,-0.012,-0.01,-0.07,-0.076,-0.046,0.075,-0.012,-0.037,0.043,-0.007,-0.069,0.036,0.054,0.037,-0.019,0.006,-0.068,0.01,-0.077,-0.037,0.034,0.03,-0.073,-0.031,-0.009,-0.013,0.047,0.021,-0.078,-0.051,-0.06,0.073,0.067,0.032,-0.032,0.002,-0.061,-0.061,0.007,-0.076,-0.035,0.037,-0.07,0.006,-0.048,-0.037,-0.058,0.04,-0.026,-0.069,-0.055,-0.022,0.024,-0.026,0.027,0.054,0.038,0.028,-0.002,-0.068,0.043,-0.024,0.073,-0.064,0.002,0.051,-0.029,0.008,0.064,-0.016,-0.045,0.051,0.002,0.08,0.041,-0.025,0.017,0.043,0.023,-0.065,-0.028,0.037,0.051,0.028,0.038,-0.075,-0.012,0.068,0.026,-0.045,-0.01,-0.022,0.065,0.01,-0.078,-0.024,0.08,-0.067,-0.075,0.007,-0.071,-0.059,-0.006,0.016,0.013,-0.027,-0.04,0.0,-0.037,-0.032,-0.078,-0.042,0.038,0.032,-0.049,0.059,0.034,0.069,-0.072,0.001,-0.005,-0.013,-0.006,-0.073,0.031,-0.073,0.062,0.067,0.04,0.018,0.072,-0.057,-0.044,0.075,0.002,-0.059,0.041,0.041,-0.008,0.015,-0.01,0.061,0.019,0.048,-0.072,-0.069,0.054,-0.017,0.029,-0.052,-0.064,0.014,0.038,0.023,0.045,-0.07,-0.045,-0.023,-0.069,0.063,-0.053,0.075,-0.026,0.045,-0.071,-0.042,0.044,-0.079,-0.023,0.05,0.034,0.017,0.003,-0.026,-0.005,-0.015,-0.012,-0.05,0.013,0.0,0.0,0.0,0.0,0.316,0.588,0.928,1.106,1.406,2.564,4.062,5.225,5.614,5.726,6.287,6.644,6.758,7.588,8.486,8.442,8.808,8.601,9.325,9.944,10.959,11.176,12.136,12.645,12.754,13.05,14.375,14.453,14.994,15.391,14.62,14.249,13.939,14.245,13.585,13.673,13.056,12.147,12.02,12.112,12.351,12.975,12.383,12.373,11.745,11.728,11.424,11.66,11.407,11.636,10.995,9.317,9.004,8.007,8.162,7.63,7.193,6.993,5.891,5.608,5.767,6.266,5.889,6.071,5.632,5.144,4.526,4.13,4.501,3.804,3.553,2.156,1.85,0.928,0.592,0.635,1.025,0.919,0.0,0.076,0.133,0.534,0.789,1.504,0.927,0.765,0.523,-0.08,-0.071,-0.019,-0.05,0.026,0.023,-0.035,-0.066,-0.036,-0.059,-0.067,0.019,-0.023,-0.011,0.003,-0.007,-0.003,0.065,0.062,-0.079,-0.042,-0.045,0.075,-0.022,-0.031,-0.024,-0.01,-0.068,0.051,-0.044,0.061,-0.048,0.023,-0.019,-0.04,0.064,0.045,0.059,-0.004,0.043,0.068,-0.018,-0.067,0.054,0.064,-0.029,-0.076,0.033,-0.052,0.064,-0.021,-0.0,0.009,0.073,0.065,0.043,-0.018,-0.069,0.025,0.029,0.048,0.05,0.062,-0.073,0.004,-0.009,0.051,-0.023,-0.019,0.031,0.041,0.03,0.076,0.014,0.034,0.066,0.015,0.004,-0.003,-0.054,0.03,-0.033,-0.069,-0.074,-0.078,-0.078,0.051,0.069,-0.014,-0.075,-0.064,0.041
0.056,-0.03,0.08,-0.061,0.04,-0.03,-0.043,0.012,0.072,0.064,-0.0,0.055,0.067,-0.078,0.032,0.037,-0.05,-0.075,0.036,-0.021,-0.072,-0.044,-0.044,0.061,-0.037,-0.057,-0.016,0.062,-0.051,0.06,0.079,-0.077,0.067,0.045,-0.016,0.079,0.025,0.026,0.003,-0.019,0.025,-0.035,0.07,0.027,0.064,0.003,-0.022,-0.043,-0.012,-0.044,0.037,0.029,-0.037,-0.01,-0.014,-0.071,-0.05,0.05,0.067,-0.057,-0.003,0.03,-0.04,-0.065,0.019,0.01,0.057,0.063,0.035,-0.028,-0.039,-0.041,-0.075,0.033,-0.005,0.079,-0.019,0.002,-0.046,-0.033,-0.075,0.071,-0.066,-0.074,-0.008,-0.027,-0.006,-0.034,0.066,-0.027,-0.044,0.008,-0.014,0.051,-0.024,-0.08,0.021,0.024,0.058,-0.046,0.047,0.012,-0.071,-0.013,-0.03,0.015,-0.002,-0.0,0.007,0.005,-0.076,-0.057,0.026,-0.054,0.01,0.019,-0.001,0.015,-0.04,-0.039,-0.075,-0.065,-0.02,-0.059,-0.036,-0.042,0.008,0.079,0.068,0.075,-0.035,-0.025,0.053,-0.061,-0.036,0.048,0.051,0.002,-0.041,0.072,0.042,-0.01,-0.028,-0.024,-0.009,0.06,-0.062,0.009,-0.008,0.042,-0.03,-0.073,-0.007,0.042,-0.023,-0.001,-0.042,-0.043,-0.042,0.037,0.035,-0.002,0.037,0.04,0.001,-0.026,-0.025,0.01,0.029,-0.077,-0.0,-0.015,0.077,-0.039,-0.067,-0.07,0.036,-0.002,-0.057,0.026,-0.078,0.021,-0.059,0.012,-0.016,0.021,-0.079,0.033,-0.042,-0.028,0.0,0.282,1.28,1.777,1.433,1.594,1.337,1.948,2.199,2.841,3.31,3.974,3.619,3.84,4.152,4.789,6.067,7.138,7.736,8.241,8.821,10.206,11.062,12.173,13.532,13.532,12.938,13.067,13.764,14.201,15.118,14.952,14.799,14.594,14.006,14.085,15.462,16.058,15.752,15.823,15.828,15.712,15.279,16.236,15.967,15.713,14.973,13.498,12.947,12.137,11.782,11.839,10.781,9.81,8.942,9.125,9.073,8.982,8.915,8.965,7.767,7.167,6.797,6.805,6.195,6.382,4.779,4.305,2.852,2.338,1.544,1.595,1.497,1.229,0.711,0.0,0.0,0.563,0.858,1.282,1.118,1.041,0.0,-0.027,-0.067,0.049,-0.033,0.028,-0.065,-0.079,-0.058,-0.032,-0.049,0.043,-0.008,-0.018,-0.017,0.043,0.074,0.018,0.002,-0.05,-0.028,0.056,-0.071,-0.02,-0.045,-0.01,-0.069,-0.028,-0.005,-0.062,0.05,0.035,-0.066,-0.048,-0.04,0.004,-0.059,0.063,0.078,-0.009,-0.057,0.001,0.036,0.015,-0.057,0.071,0.036,-0.078,-0.065,0.075,-0.029,-0.051,0.026,0.076,0.014,0.023,0.075,0.062,0.041,-0.073,0.062,0.006,-0.033,-0.039,-0.033,-0.061,0.075,0.016,-0.034,-0.01,-0.016,-0.07,-0.062,0.006,-0.057,0.02,0.059,0.021,0.023,-0.042,-0.044,0.056,0.059,-0.059,0.05,-0.061,-0.05,0.045,0.008,0.046,-0.03,-0.038,0.063
0.052,-0.014,-0.02,0.04,-0.034,-0.071,0.002,-0.013,0.023,0.01,-0.043,-0.05,0.071,-0.007,-0.068,-0.073,-0.053,-0.026,0.075,0.046,0.032,-0.06,-0.065,0.038,0.076,0.044,-0.02,0.067,0.021,0.06,0.025,-0.054,0.008,-0.012,0.029,-0.074,0.004,-0.048,-0.036,-0.07,0.03,-0.024,-0.079,0.067,0.033,0.07,-0.06,-0.02,-0.039,-0.003,-0.04,-0.009,-0.066,0.059,0.067,0.03,0.074,-0.014,0.001,-0.058,0.021,0.036,0.074,0.005,-0.029,0.021,-0.017,0.003,-0.054,-0.051,0.051,0.044,-0.001,0.075,0.029,0.045,-0.043,0.025,0.078,-0.025,-0.006,0.05,-0.016,0.069,-0.011,-0.041,0.046,-0.054,0.048,0.075,0.051,-0.079,-0.076,-0.015,-0.079,-0.013,0.005,0.006,0.004,-0.056,0.075,-0.007,-0.041,-0.055,-0.079,0.048,0.031,0.072,-0.063,0.044,-0.014,0.058,0.024,-0.002,-0.041,0.064,-0.071,0.023,0.064,0.012,-0.021,-0.025,-0.074,-0.057,0.046,-0.05,0.006,-0.061,0.059,-0.04,-0.025,-0.028,-0.002,-0.063,0.058,-0.075,0.075,-0.077,0.011,-0.066,-0.069,0.038,0.003,0.061,-0.035,-0.06,0.04,0.077,0.053,0.032,-0.053,-0.042,0.075,-0.069,-0.063,-0.011,0.069,0.026,0.076,-0.033,-0.024,-0.011,-0.063,0.019,0.062,0.003,-0.023,-0.08,-0.024,-0.039,0.076,-0.04,0.033,-0.048,-0.075,0.069,0.057,-0.046,0.038,-0.004,-0.035,-0.048,0.068,0.077,0.065,-0.07,-0.026,0.01,-0.078,-0.08,-0.009,-0.074,-0.07,0.061,0.062,-0.006,-0.006,-0.019,-0.037,0.016,0.488,0.565,0.0,0.0,0.0,0.0,1.394,2.299,2.898,3.179,3.534,4.682,6.217,8.082,8.456,9.413,9.807,10.083,10.1,11.454,11.678,13.095,13.109,12.869,13.549,13.587,14.705,15.697,16.947,16.611,17.196,16.932,17.156,18.33,18.429,17.969,16.782,15.612,14.635,14.622,14.124,14.469,13.698,12.431,11.289,11.442,10.944,10.755,11.167,10.7,10.482,9.18,8.623,8.524,8.441,7.167,6.62,4.907,3.889,2.441,2.538,1.838,2.249,1.625,0.419,0.0,0.0,0.345,1.648,1.565,1.003,1.049,0.128,-0.032,-0.001,0.045,0.008,-0.032,0.01,0.043,-0.056,-0.026,0.062,0.073,0.007,-0.072,0.001,-0.029,0.066,-0.02,0.035,-0.059,-0.048,0.073,0.025,0.013,-0.011,0.005,-0.065,-0.062,-0.034,0.035,-0.042,0.056,0.046,-0.003,0.044,-0.025,0.052,-0.053,-0.003,-0.049,0.072,0.03,0.064,0.076,-0.01,0.074,-0.026,0.031,0.062,0.067,-0.039,0.039,0.071,0.057,-0.003,-0.06,0.017,-0.053,-0.04,-0.046,0.066,0.049,-0.016,0.003,0.03,-0.042,0.031,0.078,0.055,-0.079,0.046,0.069,0.001,0.042,-0.01,0.068,-0.009,0.035,0.008,0.073,0.038,0.051,-0.04,0.055,-0.02,-0.021,-0.031,-0.003,-0.065,-0.051,-0.021,0.001,-0.06
-0.038,-0.007,-0.009,0.044,0.063,-0.073,-0.041,0.057,0.041,0.077,-0.014,0.051,-0.036,-0.02,-0.065,-0.02,-0.044,0.041,-0.044,0.062,0.078,0.026,0.075,0.066,0.051,-0.017,0.035,0.017,0.065,0.044,-0.029,0.043,0.016,0.004,0.009,0.037,0.02,-0.071,0.024,0.065,0.014,0.063,0.054,-0.011,0.009,-0.066,-0.052,-0.028,-0.072,0.04,0.0,-0.043,0.009,-0.021,-0.049,-0.019,0.056,-0.014,-0.014,-0.068,-0.062,0.066,-0.055,0.005,-0.024,-0.013,-0.075,0.055,0.016,-0.026,-0.04,0.073,-0.075,0.057,-0.046,-0.071,-0.054,-0.055,0.005,0.039,-0.055,-0.007,0.023,-0.066,0.045,0.039,0.057,-0.013,0.059,0.048,0.044,0.065,0.023,0.01,0.006,-0.034,0.047,0.009,0.032,-0.013,-0.021,0.012,0.056,0.022,-0.045,-0.009,0.043,0.019,-0.076,-0.052,-0.045,-0.045,-0.012,0.004,-0.018,-0.026,-0.041,-0.061,0.074,-0.024,-0.051,-0.039,-0.011,0.059,0.04,-0.021,-0.024,0.043,-0.025,-0.01,-0.014,0.006,0.038,-0.071,-0.074,-0.016,-0.037,0.008,-0.009,-0.02,0.079,-0.07,-0.004,0.041,-0.037,0.065,0.029,-0.018,0.005,0.032,-0.025,0.047,0.043,0.038,0.019,-0.029,-0.063,-0.048,-0.056,-0.059,-0.061,-0.069,0.012,-0.061,0.021,0.045,0.024,-0.08,0.075,-0.021,-0.032,0.05,-0.08,-0.06,-0.035,0.042,-0.043,-0.03,-0.004,-0.025,0.041,-0.03,-0.053,0.057,0.053,-0.048,0.059,0.077,-0.063,-0.031,-0.079,0.07,-0.044,-0.01,0.049,0.03,0.065,0.07,-0.064,-0.029,0.286,0.562,0.0,0.0,0.0,0.825,2.012,3.372,4.324,5.199,6.166,7.825,9.425,11.116,12.906,13.476,13.65,13.746,14.145,15.523,16.614,16.727,17.03,16.627,16.528,17.026,18.703,19.322,19.494,18.395,18.519,17.426,17.172,18.083,17.629,16.352,15.132,13.605,11.583,11.502,10.326,9.669,8.381,7.054,5.325,4.269,4.42,4.613,4.153,4.548,3.765,2.798,2.216,1.106,1.427,1.905,0.645,0.016,0.014,-0.022,0.047,-0.042,-0.049,0.051,-0.003,-0.048,-0.051,0.029,0.015,-0.036,-0.038,0.064,0.077,-0.058,-0.074,0.037,-0.006,-0.058,0.004,0.048,-0.038,0.061,0.035,-0.074,-0.055,0.068,0.045,0.066,0.053,-0.075,-0.049,-0.017,-0.041,0.027,0.071,-0.045,-0.023,0.062,0.028,-0.024,-0.069,-0.04,-0.008,0.037,0.043,-0.07,-0.061,-0.069,-0.059,0.066,-0.008,-0.016,-0.051,-0.03,0.032,-0.023,-0.02,0.055,0.076,0.006,0.074,-0.009,0.019,-0.001,-0.052,-0.073,-0.068,-0.035,0.003,-0.076,-0.002,0.006,0.003,0.061,0.005,-0.066,0.078,0.011,-0.073,0.059,-0.075,-0.049,0.005,-0.055,0.07,0.067,-0.01,0.073,0.01,0.026,0.068,0.055,-0.073,-0.008,0.051,-0.03,-0.07,-0.051,0.067,0.046,0.07,0.037,-0.038,0.064,-0.05
0.045,0.063,0.005,0.016,0.002,-0.018,-0.059,0.079,0.078,-0.022,-0.048,0.033,-0.024,0.05,-0.076,-0.052,-0.039,-0.042,0.067,0.049,-0.054,0.047,0.049,0.07,0.045,-0.017,-0.063,0.035,-0.03,0.06,0.007,-0.053,-0.067,-0.009,0.026,0.022,0.066,-0.035,0.028,-0.039,0.057,-0.013,0.017,-0.006,0.078,0.015,-0.048,0.055,0.023,-0.068,-0.042,0.041,-0.042,0.021,0.06,0.014,-0.02,0.047,-0.039,-0.003,-0.0,-0.069,0.031,-0.049,-0.006,0.033,-0.025,0.044,-0.012,-0.069,-0.02,0.038,-0.065,0.047,0.023,0.046,0.028,-0.056,-0.053,0.071,0.049,0.038,-0.047,-0.045,-0.022,0.06,0.024,0.03,0.002,0.068,0.033,0.041,-0.03,-0.023,0.049,-0.02,0.039,-0.034,-0.043,-0.017,-0.053,0.041,0.048,0.001,-0.062,-0.047,-0.013,0.049,0.04,-0.025,-0.012,0.077,-0.005,0.028,-0.065,-0.078,-0.017,0.006,-0.043,-0.004,-0.069,-0.074,-0.014,0.072,-0.021,-0.024,0.011,-0.009,0.032,-0.075,0.007,-0.065,-0.023,0.012,0.068,0.032,-0.043,-0.076,0.037,-0.048,0.036,0.055,-0.008,0.029,0.059,-0.014,0.048,0.038,-0.061,0.079,0.073,0.028,-0.023,-0.045,0.059,0.016,-0.074,0.039,-0.031,0.024,-0.052,0.038,-0.07,0.006,0.03,-0.024,-0.029,-0.012,0.035,0.065,-0.059,0.07,0.053,0.045,-0.003,-0.018,-0.013,0.073,-0.065,-0.071,-0.04,-0.026,-0.063,-0.022,-0.073,-0.038,0.055,0.062,0.007,-0.037,-0.05,0.045,-0.033,-0.032,-0.025,0.059,0.019,0.015,-0.06,-0.047,0.032,0.062,0.047,-0.067,-0.045,0.036,0.032,-0.047,-0.024,-0.056,0.018,-0.009,0.929,1.559,2.857,3.053,1.818,2.403,3.17,4.911,5.917,6.352,7.006,7.932,8.077,10.373,12.041,14.447,15.641,17.239,18.038,19.349,20.369,21.228,22.438,22.283,22.569,20.943,20.05,19.58,19.64,19.616,19.328,18.137,17.256,15.908,16.583,16.562,16.392,16.305,15.942,14.628,13.247,12.921,12.451,11.391,10.316,8.739,6.393,5.835,4.856,4.446,4.566,3.351,1.56,1.531,1.255,1.992,2.242,2.335,1.707,1.828,0.47,0.832,0.03,0.016,-0.042,-0.037,-0.005,0.073,-0.07,-0.027,0.023,0.001,-0.027,-0.031,-0.029,0.058,0.028,0.034,-0.073,0.068,-0.033,0.007,0.027,-0.041,-0.065,0.01,0.034,0.022,0.003,0.078,0.026,0.067,-0.059,0.077,0.078,-0.057,0.076,0.025,0.011,-0.001,0.009,0.02,-0.007,0.044,-0.078,0.013,-0.056,0.036,0.006,0.045,-0.069,-0.037,-0.023,0.052,-0.032,0.002,-0.056,0.062,0.062,-0.019,-0.026,0.05,-0.024,0.055,-0.008,0.048,0.062,-0.079,0.072,0.057,0.017,-0.027,-0.024,0.001,-0.022,0.076,0.028,-0.074,0.006,0.02,0.068,0.011,-0.016,-0.036,-0.04,0.003,-0.022,0.003,0.001,0.008,-0.051,-0.019,0.023
-0.023,-0.011,-0.034,-0.075,0.059,0.033,-0.033,0.002,-0.046,0.051,0.015,-0.027,-0.059,0.064,0.059,-0.051,0.026,0.07,-0.028,-0.004,-0.041,-0.007,0.068,-0.042,0.015,-0.063,0.013,0.075,-0.008,0.061,-0.022,-0.008,0.067,-0.019,0.038,-0.028,-0.075,0.028,-0.02,0.038,0.041,0.018,0.048,-0.017,0.063,-0.071,0.047,-0.023,0.05,-0.052,-0.029,-0.076,-0.056,-0.045,-0.046,0.056,-0.031,0.046,0.074,-0.0,0.065,-0.071,0.004,-0.017,-0.002,0.077,-0.06,-0.072,0.043,0.026,-0.001,-0.024,-0.039,-0.055,0.061,-0.007,0.004,-0.007,0.058,-0.003,-0.039,-0.077,-0.012,0.045,0.016,-0.031,-0.048,0.031,0.01,-0.036,-0.049,-0.008,0.032,-0.017,0.009,0.057,0.048,0.015,0.045,-0.068,0.074,-0.053,-0.035,-0.007,0.065,-0.043,-0.033,0.067,0.068,-0.068,-0.025,0.058,-0.02,-0.052,0.033,-0.024,-0.039,-0.067,0.032,-0.047,0.056,0.042,-0.076,0.029,-0.0,-0.029,-0.049,-0.051,0.034,0.0,0.041,0.032,0.008,0.008,-0.019,-0.025,0.054,-0.041,0.066,-0.033,0.027,0.076,-0.067,-0.08,0.01,-0.061,-0.026,0.006,-0.042,-0.015,0.041,-0.061,-0.07,0.029,0.031,-0.036,0.032,-0.048,-0.073,-0.001,-0.029,-0.023,-0.012,0.044,-0.056,0.064,0.019,-0.031,-0.075,0.002,-0.078,-0.001,0.057,-0.055,0.031,0.022,0.018,0.006,-0.024,-0.018,0.076,0.013,-0.062,-0.077,0.05,0.002,0.046,0.034,-0.071,-0.059,0.057,0.03,-0.05,0.004,-0.034,-0.059,0.002,0.063,0.012,0.006,-0.075,0.051,0.042,-0.062,-0.079,0.051,-0.045,-0.046,0.059,0.021,0.076,0.077,-0.017,-0.036,-0.019,-0.07,-0.05,-0.013,0.015,0.04,-0.025,-0.051,0.077,0.069,-0.061,-0.057,0.041,-0.004,-0.034,-0.073,-0.069,0.001,0.06,1.226,3.013,2.432,1.889,1.442,2.066,2.477,4.091,5.29,5.578,5.742,6.414,6.846,9.352,10.723,12.888,14.465,15.205,16.213,16.232,17.579,19.171,19.831,19.871,19.201,19.292,19.48,19.126,20.003,21.134,20.987,19.48,19.948,19.168,19.581,19.931,20.197,19.407,17.812,15.739,14.608,13.879,13.08,12.315,11.126,8.963,6.242,5.854,5.507,4.364,4.019,3.079,1.837,1.949,1.15,2.366,2.892,2.798,1.409,1.389,-0.072,0.01,-0.047,0.062,0.053,0.035,-0.047,0.068,-0.031,0.015,-0.007,-0.009,-0.016,-0.006,0.022,-0.012,0.032,-0.064,0.036,0.065,0.008,-0.069,-0.066,-0.022,0.079,0.046,-0.037,-0.064,0.017,-0.044,-0.005,-0.079,-0.05,-0.044,0.057,-0.055,-0.032,0.08,0.008,-0.039,-0.076,0.07,-0.07,0.014,-0.064,0.032,0.053,0.007,-0.038,-0.043,-0.045,-0.037,0.039,-0.026,-0.024,0.002,-0.034,0.049,0.032,-0.037,-0.049,-0.025,-0.074,-0.044,0.048,-0.004,0.074,-0.037,-0.033,0.013,-0.074,-0.004
0.063,0.036,0.062,0.031,-0.012,-0.0,0.05,-0.017,-0.057,-0.048,-0.003,0.026,0.031,0.03,-0.003,-0.03,-0.034,-0.07,0.074,-0.079,-0.033,0.058,0.018,0.057,0.036,0.03,-0.043,-0.031,-0.006,-0.075,-0.071,-0.028,0.054,0.009,0.08,0.035,-0.019,0.076,0.047,-0.06,0.049,-0.0,-0.018,-0.069,0.051,0.017,-0.005,0.022,-0.028,0.006,0.052,-0.065,0.033,0.023,0.021,0.063,-0.043,-0.01,-0.009,-0.049,-0.057,-0.003,-0.012,0.078,-0.008,-0.037,0.045,0.041,-0.035,-0.038,-0.023,-0.074,-0.001,-0.051,0.061,-0.013,-0.064,0.019,0.041,0.02,-0.06,-0.052,-0.046,-0.013,-0.063,-0.017,-0.054,0.035,-0.069,0.049,0.039,-0.008,0.054,-0.016,0.021,-0.08,-0.029,0.022,0.073,0.053,0.062,-0.018,-0.009,0.012,0.063,-0.021,-0.016,0.026,-0.022,0.01,0.077,-0.051,0.073,0.058,0.012,0.014,-0.061,0.075,0.061,-0.07,0.015,0.028,0.042,-0.01,0.007,0.062,0.034,-0.001,0.061,-0.003,-0.027,0.064,0.011,0.056,-0.074,-0.054,0.014,0.072,-0.03,0.064,0.006,0.008,0.058,-0.053,-0.019,-0.017,-0.059,0.066,0.041,0.032,0.061,-0.036,-0.042,0.021,0.035,0.057,-0.024,-0.042,0.048,0.03,0.001,0.071,-0.035,-0.0,0.075,-0.076,0.007,0.061,-0.043,0.069,0.041,0.079,-0.049,-0.027,-0.054,0.076,0.029,-0.071,0.001,0.028,-0.074,-0.007,0.022,-0.017,-0.003,0.014,0.07,-0.013,-0.04,0.015,-0.07,0.023,0.068,0.074,0.064,0.06,0.076,-0.002,0.052,-0.025,-0.02,0.078,0.077,0.017,0.015,0.017,-0.021,0.028,-0.08,0.01,-0.063,-0.029,0.061,0.028,-0.002,0.024,-0.062,0.049,-0.037,-0.04,0.042,-0.027,-0.023,0.051,0.024,-0.004,-0.059,-0.066,-0.011,-0.059,-0.073,-0.04,-0.069,-0.076,-0.043,-0.014,-0.009,-0.017,0.017,-0.014,-0.017,0.039,0.078,0.0,0.0,0.0,0.535,2.481,3.862,4.581,5.847,7.65,7.857,10.376,12.607,14.14,15.641,15.645,15.415,16.817,17.462,20.097,21.181,22.307,23.261,23.458,24.252,24.227,25.816,26.079,26.749,25.066,23.683,22.846,23.356,21.941,22.406,20.909,17.782,15.835,14.601,14.053,15.262,13.921,13.218,11.865,11.297,9.612,9.683,9.705,9.274,7.706,6.303,4.932,3.604,3.183,2.649,2.414,0.559,0.0,0.0,0.0,0.0,0.0,-0.016,0.065,0.026,-0.065,0.039,-0.066,0.029,-0.016,0.005,0.047,0.022,-0.044,-0.059,0.07,-0.069,-0.071,0.046,0.045,0.032,-0.009,-0.029,0.071,-0.017,0.014,-0.079,-0.023,0.01,-0.011,0.047,-0.027,0.017,-0.018,0.006,-0.058,0.035,-0.004,0.019,-0.011,0.044,-0.046,-0.053,-0.016,-0.072,0.079,0.062,0.004,0.066,-0.016,0.059,0.072,-0.019,-0.077,0.025,0.024,0.013,0.059,-0.064,0.062,-0.071,0.04,-0.049
0.022,-0.058,0.068,-0.05,-0.021,-0.056,0.006,-0.008,-0.028,-0.026,-0.039,0.014,-0.017,-0.055,0.049,0.052,0.008,-0.037,-0.057,0.04,0.008,0.042,-0.036,-0.029,-0.002,0.036,0.063,0.026,-0.043,0.022,0.022,0.077,0.006,-0.069,0.066,-0.006,-0.051,-0.077,-0.025,-0.006,-0.041,-0.076,0.066,0.06,-0.059,-0.013,0.066,0.061,0.053,0.043,-0.049,0.044,0.064,-0.031,0.034,0.064,0.021,0.05,0.007,0.052,0.017,-0.004,0.064,-0.035,-0.033,0.012,0.068,0.02,0.049,0.027,-0.007,-0.055,-0.008,-0.009,0.009,0.073,-0.054,0.023,-0.016,-0.074,0.076,-0.008,0.033,0.006,-0.071,0.063,-0.079,0.068,0.077,0.032,0.038,-0.018,-0.045,-0.012,0.006,-0.03,-0.039,-0.031,-0.077,-0.079,-0.046,0.006,0.047,0.01,-0.033,0.001,0.017,0.038,-0.02,-0.066,-0.019,-0.073,0.06,-0.071,-0.025,0.01,0.033,-0.009,0.008,-0.059,-0.037,-0.042,0.017,0.021,-0.011,-0.062,-0.06,0.042,0.014,-0.025,0.021,-0.028,0.057,0.054,-0.018,-0.061,-0.006,0.019,0.074,0.023,-0.012,0.041,-0.005,0.002,-0.026,0.026,-0.034,0.054,0.03,-0.053,-0.066,-0.074,-0.078,0.004,-0.01,-0.031,0.037,0.037,-0.061,-0.015,0.013,0.03,0.02,-0.048,-0.041,-0.04,0.074,0.001,-0.056,-0.054,-0.025,-0.029,-0.068,0.038,-0.016,0.04,-0.059,-0.044,0.069,0.035,-0.02,-0.059,0.037,-0.066,-0.08,0.028,0.054,-0.023,-0.074,-0.043,0.046,-0.043,0.011,-0.037,-0.065,-0.052,0.021,-0.005,-0.016,-0.019,-0.004,-0.048,0.039,0.002,-0.056,0.04,0.024,-0.047,0.025,0.043,0.051,-0.077,0.007,-0.068,-0.033,0.033,0.051,0.029,0.074,-0.018,0.069,-0.028,-0.032,-0.034,0.055,0.068,-0.057,-0.058,0.032,-0.079,0.003,-0.055,-0.055,-0.016,0.024,-0.024,-0.045,0.051,0.017,0.041,-0.041,-0.053,-0.059,-0.029,-0.022,0.018,-0.011,0.141,0.583,0.738,1.208,0.897,1.347,1.896,3.04,3.31,3.686,4.182,3.848,4.419,5.044,6.596,6.904,8.115,8.525,8.68,9.319,10.735,11.58,12.256,12.768,12.715,12.196,12.361,12.53,12.358,12.051,11.627,10.919,9.853,9.283,9.228,9.201,9.045,8.229,7.334,6.951,6.914,6.661,6.42,6.154,5.21,4.274,3.296,2.438,2.109,2.05,1.094,0.453,0.0,0.0,0.0,0.0,0.234,-0.048,0.036,0.013,0.066,-0.008,0.065,-0.055,0.027,-0.05,0.026,0.011,-0.03,-0.034,-0.079,0.043,-0.062,0.025,-0.039,0.077,-0.038,0.002,0.018,-0.021,-0.037,0.031,-0.03,0.069,0.051,-0.048,-0.061,0.015,0.064,-0.06,-0.01,0.05,-0.037,-0.059,0.011,-0.063,0.034,0.068,0.045,-0.065,0.008,-0.021,0.079,-0.073,0.064,0.007,-0.076,0.066,-0.011,0.027,-0.054,-0.05,0.044,0.027,-0.045,0.061,0.059,0.03
0.033,-0.07,-0.021,0.043,-0.011,0.005,-0.039,0.073,0.065,0.055,-0.006,0.042,-0.077,-0.024,0.034,-0.007,0.047,-0.018,-0.065,0.07,0.038,-0.078,-0.038,0.03,-0.017,-0.077,-0.079,-0.058,-0.05,0.021,0.052,-0.009,-0.036,0.068,0.015,-0.058,-0.075,-0.017,0.076,-0.006,-0.007,-0.037,0.076,-0.012,0.008,0.043,-0.031,-0.019,0.027,0.043,-0.067,0.069,-0.057,-0.026,-0.044,-0.067,0.054,0.017,-0.02,0.003,-0.061,-0.008,0.027,0.054,0.034,0.005,0.08,-0.076,0.065,-0.058,0.068,0.073,0.001,-0.052,-0.007,-0.014,-0.011,-0.01,0.009,0.051,0.044,0.048,0.039,0.056,-0.06,0.001,-0.051,-0.053,-0.04,0.075,-0.065,0.013,-0.004,0.024,-0.044,-0.012,0.025,-0.029,0.012,0.008,-0.064,-0.04,-0.047,-0.015,-0.066,0.026,0.012,-0.072,-0.052,-0.044,-0.011,0.065,-0.049,-0.056,0.038,-0.044,-0.078,0.079,0.016,0.072,0.036,-0.024,0.011,-0.025,0.014,0.015,-0.005,-0.039,0.059,0.033,0.078,-0.044,0.019,-0.027,-0.012,-0.07,0.022,-0.065,-0.031,0.007,0.037,-0.041,0.065,0.016,0.074,-0.043,0.021,0.07,-0.061,0.016,-0.03,0.078,0.04,-0.004,-0.011,0.079,0.028,-0.073,-0.013,0.026,0.044,-0.012,-0.071,0.066,0.068,0.001,-0.069,-0.025,-0.039,-0.075,0.023,-0.003,0.03,-0.068,0.007,-0.048,0.068,-0.001,0.05,0.055,-0.073,0.022,-0.008,0.013,-0.054,-0.034,0.063,-0.002,-0.033,0.031,0.017,0.011,-0.015,-0.057,0.056,0.036,-0.017,-0.033,-0.026,-0.067,0.024,-0.026,-0.059,0.074,0.051,-0.038,-0.008,-0.042,-0.068,-0.039,-0.041,-0.065,0.065,0.002,0.033,0.044,-0.075,0.073,0.055,0.032,-0.051,-0.078,0.031,0.075,0.038,-0.063,0.054,0.014,-0.028,0.054,-0.004,-0.039,0.075,0.076,-0.05,0.011,0.074,-0.073,-0.015,0.035,0.0,-0.063,-0.048,-0.025,-0.026,0.037,-0.057,0.062,-0.033,0.055,-0.022,-0.061,-0.033,-0.048,-0.073,0.019,0.051,-0.002,-0.047,-0.035,-0.053,0.075,0.0,0.0,0.0,0.0,0.021,0.602,2.001,3.315,3.771,3.83,3.68,4.469,4.923,6.29,6.593,6.606,6.842,6.656,7.676,8.147,10.008,10.459,11.194,11.192,12.165,12.709,13.53,14.346,14.342,14.282,14.319,13.985,13.048,13.538,12.946,12.811,12.145,11.099,9.854,9.736,9.905,9.633,9.523,8.617,7.808,6.86,6.76,6.628,6.041,5.467,4.975,3.601,2.555,1.644,1.174,1.231,0.552,0.0,0.0,0.0,0.0,0.027,-0.067,0.057,-0.069,-0.03,0.057,-0.077,0.04,-0.062,-0.019,-0.034,-0.032,0.073,-0.025,-0.053,0.007,0.051,0.036,-0.061,0.002,0.048,-0.054,0.077,-0.004,-0.038,-0.014,-0.062,-0.069,0.001,-0.067,-0.046,-0.042,-0.038,0.045,-0.025,0.04,-0.077,0.058,0.064,-0.033,0.036,-0.023
